avg_sent_len,vocab_richness,burstiness,readability,avg_word_len,punct_ratio,stopword_ratio,True_Label,Predicted_Label,AI_Probability
17.5,0.4528301886792453,0.3090472345227857,55.84122500000001,5.002695417789758,0.0179104477535563,0.4609164420485175,0,1,0.6318476682127326
16.724137931034484,0.5364705882352941,0.2782053674462006,62.31529274004686,4.651764705882353,0.0208835341281592,0.4352941176470588,0,1,0.5059778649124977
22.9375,0.6077844311377245,0.4079465723168383,53.26772590361449,4.838323353293413,0.0150829562518436,0.4221556886227545,1,0,0.18326516033576348
17.0,0.4285714285714285,0.4778845839265515,56.45302513089007,4.706349206349207,0.0170633138675063,0.5185185185185185,1,0,0.4935138284232362
21.26315789473684,0.4569892473118279,0.361029917332788,43.23333616298814,5.266129032258065,0.0126689189135688,0.4408602150537634,0,1,0.7522788198535718
18.30434782608696,0.4420485175202156,0.2937311631854369,82.62170406732119,4.121293800539084,0.0224489795803831,0.5363881401617251,0,1,0.5436283519515059
17.825,0.326984126984127,0.362467789002061,58.79074823390897,4.728571428571429,0.0186021791074668,0.4873015873015873,0,1,0.5332533510087436
23.0,0.3796610169491525,0.2300653213940808,65.57360169491527,4.498305084745763,0.0150875075346484,0.4779661016949152,1,0,0.45642333566185156
30.153846153846157,0.4826589595375722,0.3972881442745815,33.55829670329672,5.066473988439307,0.011674898961978,0.4393063583815029,0,1,0.6578234722244604
18.09523809523809,0.3577712609970674,0.4601276215607989,66.93305150631686,4.231671554252199,0.0189291508821367,0.5513196480938416,1,0,0.06447650194145593
19.27777777777778,0.464968152866242,0.4962883850753059,54.51821428571432,4.691082802547771,0.0147219192940447,0.4777070063694267,1,0,0.22684299734620392
20.23076923076923,0.4893617021276595,0.3035639949753473,57.5656258148631,4.663829787234042,0.0159999999883636,0.5404255319148936,0,1,0.6850091280219095
20.272727272727277,0.5989583333333334,0.4787507219063679,48.0794517338332,5.067708333333333,0.0156895127863835,0.4270833333333333,0,1,0.679127147000933
29.444444444444443,0.4793388429752066,0.3304850309769056,50.267037037037056,4.809917355371901,0.0152460152354497,0.4834710743801653,1,0,0.3697886321081882
16.25925925925926,0.4038461538461538,0.4789235997722439,76.99151192288181,3.945054945054945,0.0239334026930627,0.5906593406593407,1,0,0.3500129628964289
18.52173913043478,0.3666666666666666,0.3376856454929883,78.12566889632109,4.197435897435898,0.0174249757902105,0.5512820512820513,1,0,0.09998022884667251
21.7,0.6313131313131313,0.3888756401401047,43.138000000000034,4.808080808080808,0.0126582278374192,0.4797979797979798,0,1,0.5963173486440858
24.7,0.5535714285714286,0.2522172873948065,56.54498387096777,4.508928571428571,0.0134600158246555,0.5223214285714286,0,1,0.6230893396531818
25.53846153846154,0.4040066777963272,0.3315853176182715,56.745553960964415,4.445742904841403,0.0171445462556474,0.5208681135225376,0,1,0.5184482701513721
22.36,0.4153846153846154,0.4455926999570022,41.340478612716765,5.130769230769231,0.0120743034018345,0.4673076923076923,0,1,0.5477001007194772
12.76,0.4597701149425287,0.3555472292833288,63.54985617977528,4.67816091954023,0.0275464445691566,0.4482758620689655,0,1,0.7358318697039766
22.55555555555556,0.4945652173913043,0.3086591035140406,49.298562801932405,4.970108695652174,0.0160642570209441,0.4239130434782608,0,1,0.7272315995394193
22.58333333333333,0.5,0.3320828054906731,55.29489714086472,4.600840336134453,0.0187997107600869,0.4873949579831932,0,1,0.5975323064217163
23.42105263157895,0.3864229765013054,0.4286071185606578,64.79968918358891,4.375979112271541,0.0203987018913311,0.5065274151436031,1,0,0.17161357593934012
20.894736842105264,0.4194444444444444,0.4868047144876254,41.81175692520776,5.138888888888889,0.0132860938825128,0.4027777777777778,0,1,0.7878197646904265
15.80952380952381,0.3954248366013072,0.3281612129769075,76.8083930510315,4.271241830065359,0.0151240169297495,0.4411764705882353,1,0,0.23884706033315406
25.5,0.4204545454545454,0.2676548291042978,59.20727272727274,4.465909090909091,0.0167000667891115,0.4545454545454545,0,1,0.5024228848786596
15.326530612244898,0.3687600644122383,0.4108368444400789,63.922418465778605,4.63768115942029,0.0215493726073242,0.4734299516908212,1,0,0.35560740463491297
18.55,0.3550295857988165,0.3122382782023756,62.76713622291024,4.4733727810650885,0.0153358011552957,0.5059171597633136,1,0,0.18193852069428018
20.666666666666668,0.4447368421052631,0.3934765929848289,75.64548865619547,3.878947368421053,0.0154004106697123,0.5552631578947368,1,0,0.02679791077323924
30.666666666666668,0.3846153846153846,0.5437825057939109,65.00200803212851,4.28287841191067,0.0195397307774469,0.5508684863523573,1,0,0.05649483759524771
16.75,0.7213114754098361,0.4101083833975319,69.31034836065577,4.377049180327869,0.0179640718025027,0.4918032786885246,1,0,0.17541814900252967
21.05263157894737,0.4829545454545454,0.3648458405331125,52.803841807909606,4.673295454545454,0.020240963845667,0.4204545454545454,1,0,0.478009885839202
24.529411764705884,0.4555555555555555,0.5254589891743879,51.32565072732902,4.841666666666667,0.0161141804714023,0.4694444444444444,1,0,0.13427127127557414
18.26923076923077,0.3735224586288416,0.3974935103071231,62.51024918743232,4.387706855791962,0.0206315789386814,0.4562647754137116,1,0,0.40491593077371246
25.35,0.3951965065502183,0.2334675845158809,49.14879446640319,5.039301310043668,0.0147679324842588,0.4694323144104803,0,1,0.8772792107297611
20.7,0.4388888888888889,0.364117899051527,55.28690188328298,4.722222222222222,0.0155279503036699,0.5222222222222223,0,1,0.6914974902440608
13.857142857142858,0.6875,0.4699492988713488,68.71222222222224,4.7125,0.0269151138159107,0.475,1,0,0.4722938576011768
23.22222222222222,0.4027972027972028,0.3153178886340699,60.33855990068282,4.647552447552448,0.0232172470923437,0.4811188811188811,0,1,0.7396814620365908
23.44,0.3358925143953934,0.4038423764838865,45.54842687140115,5.005758157389636,0.0183686176779674,0.4856046065259117,0,1,0.7506494474339502
17.0,0.4874551971326165,0.3901911288540982,78.87567669172935,4.168458781362007,0.0183126226171925,0.5412186379928315,1,0,0.07160734133607806
15.409090909090908,0.4949832775919732,0.2971747457855157,57.59784467188442,4.983277591973244,0.018468223781386,0.4615384615384615,0,1,0.5130263943006651
18.5,0.5280373831775701,0.3471684293061695,50.58355140186919,4.953271028037383,0.0194319880273303,0.4532710280373832,0,1,0.7991097655366968
19.423076923076923,0.4092920353982301,0.4376058191350394,51.99536759700479,4.811946902654867,0.0163812360326205,0.4778761061946903,0,1,0.6008252826784815
38.8,0.4824561403508772,0.512724667231146,53.97592105263159,4.269005847953216,0.0197333333228088,0.5350877192982456,1,0,0.04516699638829487
19.379310344827587,0.4442190669371196,0.3153640920322749,55.85909090909095,4.685598377281948,0.0182695622136264,0.4807302231237322,0,1,0.8071943052919079
23.85,0.3761904761904762,0.4936694973623552,57.06212410926369,4.416666666666667,0.0216560509462182,0.5380952380952381,1,0,0.17885565029676787
25.227272727272727,0.5030425963488844,0.3060995471332834,56.00858260869566,4.606490872210953,0.0163194444387779,0.4746450304259635,0,1,0.5142496107918254
24.24,0.4644194756554307,0.4061015371038264,46.96257058823531,4.96067415730337,0.016984505358467,0.4831460674157303,0,1,0.6315249281926483
12.413793103448276,0.4675324675324675,0.5205647036266202,86.18487012987015,3.821428571428572,0.0317357512747825,0.5487012987012987,0,1,0.8422369975185671
26.666666666666668,0.4598393574297189,0.3882193637760935,36.98713333333336,5.014056224899599,0.0156300879141549,0.429718875502008,0,1,0.523380210934561
23.53846153846154,0.5143884892086331,0.2435462757171413,54.66444168734495,4.654676258992806,0.0154798761514056,0.5143884892086331,0,1,0.8629913458065807
30.83333333333333,0.3607038123167155,0.2520333588935076,48.58767896475774,4.853372434017595,0.0127921279181323,0.469208211143695,0,1,0.525246580136994
19.71875,0.3790035587188612,0.4122363113158877,52.44562500000001,4.875444839857651,0.0167204458736519,0.400355871886121,0,1,0.5495668906231239
24.88235294117647,0.3555555555555555,0.2631344689518796,55.60292568652949,4.813071895424836,0.0165975103698192,0.4640522875816993,0,1,0.735878218142355
21.428571428571427,0.5899280575539568,0.3241398723706251,55.21525179856116,4.741007194244604,0.0110974105905087,0.4676258992805755,1,0,0.10385045166169511
29.42105263157895,0.3617021276595745,0.2429361732672435,45.52540669856461,4.934235976789168,0.0124999999959935,0.4912959381044487,0,1,0.7123226065389223
15.590909090909092,0.5254237288135594,0.3585057361150501,63.02680662557785,4.589830508474576,0.0263466042000312,0.5050847457627119,0,1,0.7293591706759837
21.59259259259259,0.3387423935091277,0.3609972352294471,57.87778375149344,4.73630831643002,0.0160965794714632,0.4705882352941176,1,0,0.3369529721987201
15.75,0.5475113122171946,0.4732714466454819,80.46767343708785,4.090497737556561,0.0212044104994025,0.4932126696832579,1,0,0.08686479305974953
17.055555555555557,0.5073529411764706,0.3542111057943251,63.57558823529415,4.588235294117647,0.0209258084838771,0.4926470588235294,1,0,0.3315319154896703
20.607142857142858,0.4816247582205029,0.3451746108225713,47.90692307692311,4.961315280464216,0.0166614272189055,0.4177949709864603,0,1,0.5486973321388762
21.3,0.4405797101449275,0.6736884403583139,76.89643568981629,4.0,0.0246384574051213,0.5043478260869565,1,0,0.39605451914211276
20.782608695652176,0.3551401869158878,0.507234795316473,81.20885615603414,3.848130841121496,0.0220346929104384,0.5747663551401869,1,0,0.18181106646752376
13.826086956521738,0.2998266897746967,0.3263629586266306,65.95709573506142,4.400346620450606,0.018518518512706,0.4523396880415944,1,0,0.39477518496834224
18.8,0.5872093023255814,0.237641560802988,64.93630232558142,4.325581395348837,0.0149732620160713,0.5232558139534884,1,0,0.35918496095103253
22.357142857142858,0.4733096085409252,0.3835063539085188,58.29000000000002,4.665480427046264,0.0176937156694974,0.4697508896797153,1,0,0.25675290738468476
23.785714285714285,0.4866666666666667,0.315086418767928,65.7554933110368,4.38,0.0180831826292446,0.5633333333333334,0,1,0.5320841709619858
21.25,0.4057591623036649,0.3860186091347565,58.11237434554977,4.575916230366492,0.0183402109040164,0.5314136125654451,1,0,0.4700044428094095
20.40909090909091,0.3969849246231156,0.3817309378893015,67.70161465400274,4.464824120603015,0.017613386165736,0.5125628140703518,1,0,0.15357789811281802
16.2,0.4405286343612334,0.3034124683682305,81.90462261380324,4.11453744493392,0.0127118643960068,0.5418502202643172,1,0,0.006575462330040348
27.12727272727273,0.3248652809853734,0.4856017050606111,36.55116783216786,5.02540415704388,0.0201668118983982,0.4795996920708237,0,1,0.6392358585360153
19.266666666666666,0.3934740882917466,0.3008391184361448,54.34924383662457,4.990403071017274,0.0160940885125057,0.4779270633397313,0,1,0.5879715679933206
13.666666666666666,0.3813559322033898,0.28920698094157,81.81901694915256,4.076271186440678,0.0262032085421373,0.576271186440678,0,1,0.5236155313272551
18.625,0.4731457800511509,0.3935770771608481,64.92887881679391,4.595907928388747,0.020713970903167,0.4757033248081841,1,0,0.22216274612963957
17.434782608695652,0.5086206896551724,0.4594217179399752,75.89393534002231,4.137931034482759,0.0246648793433432,0.5057471264367817,0,1,0.5476708983156208
17.48,0.3825857519788918,0.3087633948747783,73.36475039577839,4.303430079155673,0.0215105162421077,0.4802110817941952,0,1,0.5370044675280398
22.65,0.4164648910411622,0.4235362495618606,50.555703237410086,4.663438256658596,0.0141313383149911,0.5351089588377724,0,1,0.5471027482254223
19.545454545454547,0.5567010309278351,0.3133931100668272,51.45907663017613,4.561855670103093,0.0162895927454392,0.4793814432989691,0,1,0.7271397131691208
16.379310344827587,0.4593301435406698,0.2572386772482647,67.65214285714288,4.62200956937799,0.0218286655593786,0.4473684210526316,0,1,0.6103633485390739
21.33333333333333,0.4583333333333333,0.4701615430868571,66.36720930232558,4.346354166666667,0.0255813953369388,0.5260416666666666,1,0,0.34906633878382703
27.08695652173913,0.4880294659300184,0.2842859208476204,44.52879359770665,4.8121546961325965,0.0196862503784416,0.4180478821362799,0,1,0.6202538156291149
17.884615384615383,0.4030612244897959,0.3356010084766225,56.83158617698095,4.959183673469388,0.0207750699078006,0.4693877551020408,0,1,0.7315504501188899
19.05,0.3935389133627019,0.3182137169682824,52.10500000000002,4.939794419970632,0.0196220930185023,0.5022026431718062,0,1,0.9100794875785648
28.666666666666668,0.4592833876221498,0.4615414789459795,45.9958373786408,4.830618892508143,0.0182894028949492,0.4723127035830619,1,0,0.19646968663808334
20.38095238095238,0.3379501385041551,0.3277363529867486,77.39523941068141,4.21606648199446,0.01949999999025,0.5623268698060941,1,0,0.29886704388084673
22.55555555555556,0.4833333333333333,0.4082730385493424,51.88000000000005,4.672222222222223,0.0151443445266709,0.4833333333333333,0,1,0.5347188497585791
22.38888888888889,0.3808139534883721,0.4895385864807346,75.1357113543092,4.1395348837209305,0.0227027026904309,0.5290697674418605,1,0,0.29951042074102985
22.454545454545453,0.4044444444444444,0.4183579109093888,50.33763636363639,4.604444444444445,0.0159347065620152,0.5066666666666667,0,1,0.7376053844123712
16.32,0.4313186813186813,0.5275930675572369,69.0865078236131,4.244505494505495,0.0183112919540634,0.5631868131868132,1,0,0.03431026966958101
19.46153846153846,0.387308533916849,0.1848433573177709,46.734777327935234,5.24945295404814,0.0112975008520035,0.3807439824945295,0,1,0.7267913260708871
20.047619047619047,0.5669291338582677,0.3010542276007128,52.25649260226285,4.868766404199475,0.0143603133096778,0.4435695538057743,0,1,0.7336278354007587
15.5,0.4959677419354839,0.3995893113396583,60.28814257028117,4.576612903225806,0.0196491227932286,0.5161290322580645,1,0,0.3931050129160696
16.454545454545453,0.6329113924050633,0.4217391396928191,52.5052761795167,5.120253164556962,0.0175175175087499,0.3955696202531645,0,1,0.8393202495338298
20.77777777777778,0.5272727272727272,0.3556853122571964,48.18314703925486,4.957575757575758,0.0171591992210112,0.4606060606060606,0,1,0.8029328152475156
18.47058823529412,0.4874551971326165,0.4698288562426422,57.28682855348546,4.591397849462366,0.0155376009847497,0.5304659498207885,1,0,0.474993743409673
21.782608695652176,0.4093959731543624,0.3042062712723238,34.07835012957099,5.494407158836689,0.0138934832901444,0.4496644295302013,0,1,0.9461837296050504
21.476190476190474,0.4592592592592592,0.2954082477631243,60.3787591240876,4.385185185185185,0.0167400880983523,0.491358024691358,0,1,0.5374809757567247
20.06896551724138,0.324853228962818,0.3381869164579928,63.95391389432488,4.410958904109589,0.0202584701291447,0.4931506849315068,0,1,0.5084797381805424
15.903225806451612,0.4964370546318289,0.4241824763230317,54.83174091627171,5.042755344418052,0.023044956545884,0.4608076009501187,0,1,0.6423252286296793
19.75,0.3928571428571428,0.3249492912175912,53.33627475247525,4.803571428571429,0.0153949129801221,0.496031746031746,0,1,0.6315060254987394
25.8,0.4109890109890109,0.4600172519198704,46.66215604751622,4.918681318681319,0.0175753228057477,0.4769230769230769,1,0,0.26354275283834655
25.363636363636363,0.4862745098039215,0.3714824948900285,36.78212473572941,5.08235294117647,0.0105132962210802,0.5137254901960784,0,1,0.5478110218695325
18.08333333333333,0.6648936170212766,0.4455293954262103,58.77472233648703,4.627659574468085,0.0228519195403547,0.4946808510638298,1,0,0.3763073654377467
21.73684210526316,0.5775401069518716,0.3333675155011693,55.72850526315793,4.708556149732621,0.0159453302888631,0.4304812834224599,1,0,0.4238778100265648
14.12,0.5729537366548043,0.5088594317251592,82.93551192145866,4.00711743772242,0.0350993377250997,0.501779359430605,1,0,0.48145380953761796
21.68421052631579,0.2959459459459459,0.3219657987208088,52.55019230769236,4.654054054054054,0.0167910447722035,0.4824324324324324,0,1,0.576071028438001
24.22222222222222,0.3735144312393888,0.2992569863664563,48.52861661321765,5.069609507640068,0.0158643325995994,0.4889643463497453,0,1,0.8614517124674855
29.375,0.4814814814814814,0.289830648922494,55.66333333333334,4.777777777777778,0.0141955835850192,0.4768518518518518,1,0,0.3612901410257671
16.74074074074074,0.4569190600522193,0.5393512777269369,72.32500450551927,4.023498694516971,0.0307082714062861,0.5091383812010444,0,1,0.85117688784446
18.608695652173918,0.4638888888888889,0.3549556634455216,72.34800100452037,4.444444444444445,0.0231436836918304,0.4777777777777778,1,0,0.4903347104096779
19.63636363636364,0.4907651715039577,0.3438727159085176,51.60615638247765,4.778364116094987,0.0175669740809982,0.4907651715039577,0,1,0.7318271373946224
25.705882352941178,0.4035532994923858,0.3926069138119813,42.883471185428505,5.035532994923858,0.0143613000701582,0.5050761421319797,0,1,0.7323639614944999
27.387096774193548,0.4136546184738955,0.3395783950703976,45.29497701932081,4.884872824631861,0.018279569888542,0.5073627844712182,0,1,0.6626408972595932
12.882352941176473,0.4947916666666667,0.4019302169216797,86.53709558823532,3.890625,0.0246913579992887,0.53125,1,0,0.25026366174988957
21.210526315789476,0.3240223463687151,0.3490037007585662,67.6633357835931,4.346368715083799,0.0218940936752066,0.4832402234636871,1,0,0.4638292394704741
25.05263157894737,0.4439359267734554,0.3497757068495816,66.73332930951234,4.295194508009153,0.0156979210794663,0.5080091533180778,1,0,0.0848836434978116
17.875,0.4754098360655737,0.3308955944763578,77.1100670546559,4.397540983606557,0.0261248185586902,0.4713114754098361,0,1,0.744306366670219
31.0,0.508695652173913,0.326189480060931,48.109882641921416,4.643478260869565,0.0129081245156354,0.5217391304347826,1,0,0.2979423257487508
14.77777777777778,0.5044642857142857,0.5121619613101349,64.56978917230612,4.379464285714286,0.0279286268208466,0.4910714285714285,0,1,0.7314212328440022
14.72222222222222,0.5707762557077626,0.2897808356337242,74.55495600804426,4.255707762557078,0.0186839967354313,0.4794520547945205,1,0,0.04064446069963466
13.441176470588236,0.4122340425531915,0.518968706068306,55.23566753926704,4.75,0.0236886632725513,0.4973404255319149,1,0,0.44203612179316365
31.0,0.5223214285714286,0.3631719318072828,43.58644736842106,4.553571428571429,0.0112781954802419,0.5848214285714286,1,0,0.17184942187546265
19.08333333333333,0.5685279187817259,0.3984820630873381,47.7278831234257,5.114213197969543,0.0194986072345807,0.3680203045685279,0,1,0.7696487036877975
32.375,0.5333333333333333,0.3096274651364614,63.10500000000002,4.561904761904762,0.0334928229397983,0.4619047619047619,0,1,0.5029663433331318
18.38095238095238,0.5015576323987538,0.4024142338364815,68.96339024390247,4.442367601246106,0.0205263157786703,0.4797507788161994,1,0,0.16889088579795752
17.428571428571427,0.3737864077669903,0.4061307682330705,53.64536817102143,4.822815533980583,0.0194476857178344,0.4223300970873786,0,1,0.7140101116028189
22.625,0.5914634146341463,0.3983651283785657,45.672228915662686,4.719512195121951,0.0142131979551135,0.4939024390243902,0,1,0.7039913426370806
23.75,0.4990253411306042,0.4015206383098815,47.14574060693644,4.894736842105263,0.0150111785324141,0.4619883040935672,0,1,0.5414536362705096
22.166666666666668,0.5058139534883721,0.3787115696660353,53.80907707910751,4.781976744186046,0.0179076342988182,0.4505813953488372,1,0,0.31457576460009806
28.23076923076923,0.3545454545454545,0.2753122414704602,53.19697652800375,4.528787878787878,0.0164630908081616,0.5318181818181819,0,1,0.6021065228185515
19.647058823529413,0.552901023890785,0.4116303520605147,66.9961561866126,4.522184300341297,0.0216867469748875,0.4982935153583617,1,0,0.15403982580989517
20.63636363636364,0.4032786885245901,0.2977182626594861,58.77260188087777,4.829508196721312,0.0172744721641693,0.4622950819672131,0,1,0.6129733883933911
22.058823529411764,0.4450867052023121,0.3000918241907215,53.89757395443729,4.904624277456647,0.0139691714768934,0.4913294797687861,1,0,0.437219967078816
19.928571428571427,0.5542168674698795,0.4840832956331602,53.816782868525934,4.6305220883534135,0.0144628099073947,0.4819277108433735,1,0,0.22114758956594868
24.682926829268293,0.3046875,0.3756500459932784,45.77526581870012,5.331473214285714,0.0145655449498467,0.4542410714285714,0,1,0.6353484065350731
27.666666666666668,0.3028322440087146,0.4131669296320927,44.74465686274513,4.679738562091504,0.0139412207935413,0.5250544662309368,1,0,0.49416540342346554
21.25,0.6513157894736842,0.3688568157382882,49.71988216560513,5.0131578947368425,0.0163432073377495,0.4671052631578947,0,1,0.6944374187193123
30.416666666666668,0.319755600814664,0.2700402638980784,43.44580724760294,4.928716904276985,0.0180934829924453,0.4745417515274949,0,1,0.5450951424764328
25.473684210526315,0.298876404494382,0.2732745465877727,68.62849303752657,4.312359550561798,0.0156959933846774,0.5303370786516854,1,0,0.22190816062945481
20.166666666666668,0.3614678899082569,0.3798237587813975,52.22579006703231,5.249541284403669,0.0160091480800431,0.4623853211009174,0,1,0.5320781006573718
24.88235294117647,0.3926701570680628,0.3641582740450756,52.03363566368958,4.9267015706806285,0.0173085244408011,0.4031413612565445,1,0,0.3700906947431986
23.3,0.507177033492823,0.4418933618271036,54.591428571428594,4.440191387559809,0.016891891877625,0.5215311004784688,1,0,0.45424820259955195
26.46153846153846,0.4139072847682119,0.3372343487944872,64.51432597105867,4.427152317880795,0.0170187793327354,0.5033112582781457,1,0,0.288041016725275
19.5,0.4741935483870967,0.4342182955402767,73.47161528276908,4.251612903225807,0.015312131910888,0.5258064516129032,1,0,0.022416207871927003
19.0,0.5906432748538012,0.3023453865364548,74.20481578947368,4.257309941520468,0.0173347778793772,0.5672514619883041,1,0,0.13509011858346492
20.772727272727277,0.4257425742574257,0.4909193915118193,76.7577777777778,4.044554455445544,0.0188679245194019,0.551980198019802,1,0,0.07562150650047651
24.695652173913043,0.3438735177865613,0.5489401389329207,47.43365132967497,4.642292490118577,0.0145812139658931,0.5098814229249012,1,0,0.23653014653524537
19.416666666666668,0.3495145631067961,0.427787403511331,59.62152173913043,4.725728155339806,0.0196560196479705,0.4563106796116505,1,0,0.3578473205787774
28.153846153846157,0.4426751592356688,0.2526399091809175,42.45875000000004,5.04140127388535,0.0146761133528967,0.4012738853503185,0,1,0.8586431576510667
18.9375,0.5461254612546126,0.3203700759018462,56.7704411764706,4.734317343173432,0.0174781522987027,0.4280442804428044,1,0,0.4750265937446785
16.88,0.3875338753387534,0.3725431793407089,60.48286829268295,4.921409214092141,0.0225663716714308,0.4471544715447154,0,1,0.6168984805228073
20.477272727272727,0.4530026109660574,0.4706549573095329,37.86151020228158,5.184073107049608,0.0192307692268763,0.4007832898172324,0,1,0.9619184250316583
26.5,0.3864406779661017,0.3584905525097904,63.442916666666704,4.552542372881356,0.0138221153763088,0.5728813559322034,1,0,0.05552924331113599
16.217391304347824,0.4355828220858895,0.5639593209344823,63.21289543878368,4.641104294478527,0.0194429847506868,0.5030674846625767,1,0,0.0829117991023709
16.25,0.4136947218259629,0.407284576256421,62.124085349919,4.68188302425107,0.0224450811789768,0.4136947218259629,0,1,0.5535139091411431
20.428571428571427,0.6535433070866141,0.3586260357304202,64.17880000000002,4.346456692913386,0.0187590187319494,0.5511811023622047,1,0,0.381955838949784
28.09090909090909,0.36,0.260251316793875,45.56445331695335,5.114545454545454,0.0169686511311565,0.4672727272727273,0,1,0.8406600213222798
21.0,0.2950819672131147,0.3937579671672688,57.52190217391308,4.7723132969034605,0.0177777777725102,0.4590163934426229,1,0,0.3789756194429711
21.83333333333333,0.4716157205240174,0.4000902925570449,73.96497980910428,4.091703056768559,0.0249999999791666,0.5109170305676856,0,1,0.7045101737795246
20.57894736842105,0.6428571428571429,0.3174035508881522,62.09215311004788,4.674285714285714,0.0174503150666745,0.4542857142857143,1,0,0.4675195371006161
10.61904761904762,0.5347593582887701,0.3095794433865674,78.89882136279927,4.192513368983957,0.030273437470436,0.4866310160427807,0,1,0.5143397080393542
21.608695652173918,0.4606205250596659,0.2985877390906126,52.4989130434783,4.6539379474940334,0.0195083885994895,0.4653937947494033,0,1,0.807064665168579
15.5,0.4606299212598425,0.4158663568985142,83.01959593866559,4.0984251968503935,0.024584237147806,0.5551181102362205,1,0,0.433854201980578
21.695652173913043,0.3164251207729469,0.3209041860326865,71.37217704097594,3.973429951690821,0.0185856754222186,0.5797101449275363,1,0,0.34539343872660555
30.83333333333333,0.3342857142857143,0.2033323487979133,43.32111904761908,4.814285714285714,0.0092233009663964,0.5142857142857142,1,0,0.37538154973061577
21.727272727272727,0.3561643835616438,0.2551958155680068,67.26014943960149,4.207762557077626,0.0167597765291105,0.5844748858447488,1,0,0.49526303878689515
17.25,0.4481605351170568,0.3206142836068864,67.36653355704699,4.488294314381271,0.0241176470446366,0.5150501672240803,0,1,0.6862396578494213
23.4375,0.4606060606060606,0.3406555625842793,55.12652871621623,4.460606060606061,0.0166130760897036,0.5333333333333333,0,1,0.8009598859570987
18.73684210526316,0.4426751592356688,0.3769281750141785,60.644453697535,4.601910828025478,0.0192625206278136,0.5159235668789809,1,0,0.49292580853640006
23.47826086956522,0.3426423200859291,0.3429027478899508,53.3627276887872,4.702470461868958,0.0197095435650571,0.4930182599355531,0,1,0.6307827435641449
18.7,0.4290123456790123,0.4156356473312069,74.33516284403673,4.00925925925926,0.0223529411633217,0.558641975308642,0,1,0.533657857181871
16.428571428571427,0.4967532467532468,0.509122792255289,53.0134677419355,4.762987012987013,0.0162954915718112,0.487012987012987,0,1,0.6672277266725608
22.571428571428573,0.4067796610169492,0.2840355022556027,50.275102040816336,4.63728813559322,0.0112492599104504,0.5186440677966102,1,0,0.32242665227337947
23.666666666666668,0.3645833333333333,0.5042961417894068,60.75229076479079,4.5234375,0.0146654445395667,0.5078125,1,0,0.013453290594576218
21.178571428571427,0.5296442687747036,0.2858384559383902,54.777512135922365,4.891304347826087,0.023084321890643,0.41699604743083,0,1,0.5681629642766229
24.25,0.3890489913544668,0.3951292186902755,61.88638621794874,4.417867435158501,0.0189064895151218,0.5043227665706052,1,0,0.1865668516466031
24.51020408163265,0.3202742409402546,0.3285857265240784,56.61866883116883,4.500489715964741,0.018952778667049,0.5230166503428012,0,1,0.5109477428414912
20.38095238095238,0.3856041131105398,0.3698089445364131,58.19734361610969,4.532133676092545,0.0172963131464286,0.5167095115681234,1,0,0.43885800113058054
18.44,0.505,0.2874002212080317,53.17826829268296,4.9675,0.0180039138872783,0.435,0,1,0.8472123995048799
17.620689655172413,0.4387990762124711,0.4464670802024488,47.442937219730965,5.083140877598153,0.0196639256275781,0.4665127020785219,0,1,0.7615094534939075
22.444444444444443,0.5955056179775281,0.268241912487124,56.34500000000003,4.584269662921348,0.0192122958509007,0.5561797752808989,0,1,0.9119674775010576
14.333333333333334,0.5511811023622047,0.6380986146142229,82.30287289369673,4.051181102362205,0.027146001447435,0.5118110236220472,1,0,0.26354354758435583
11.34375,0.346089850249584,0.4670457066176103,87.95358364275944,4.021630615640599,0.0328057553862429,0.5574043261231281,0,1,0.8663123349604852
20.22222222222222,0.4903846153846153,0.3620958148545016,66.1875339366516,4.647435897435898,0.0222342733068143,0.5160256410256411,1,0,0.395165806011073
13.294871794871796,0.2779783393501805,0.5499812564883696,80.06702011016424,4.072202166064982,0.0269705205881307,0.5595667870036101,0,1,0.5300575502598572
24.545454545454547,0.512396694214876,0.2866963213622036,54.41799058084774,4.946280991735537,0.0135043889172826,0.4710743801652892,0,1,0.5834121612260803
11.647058823529411,0.4971428571428571,0.3471280566089968,67.31104201680674,4.628571428571429,0.0195503421118765,0.4457142857142857,1,0,0.15147991536063793
14.44,0.4967320261437908,0.5208492544113825,69.4678458737864,4.4640522875817,0.0231638417948226,0.4836601307189542,1,0,0.2210231904021807
23.0625,0.4154302670623145,0.4028288977148714,47.94007744169096,4.658753709198813,0.012232415895906,0.516320474777448,1,0,0.4180478290860503
25.294117647058822,0.2896725440806045,0.320255428922032,60.210752290866125,4.73551637279597,0.0137634408542952,0.4357682619647355,1,0,0.20743842601416376
28.04,0.3858024691358024,0.2398698112407966,56.628977777777806,4.726851851851852,0.0135350318435416,0.5138888888888888,0,1,0.5974301691729241
16.296296296296298,0.3813131313131313,0.3263401918460208,65.68924242424245,4.454545454545454,0.0199095022534346,0.4621212121212121,1,0,0.4921761016803337
17.35,0.4481605351170568,0.3312366215918451,67.36653355704699,4.488294314381271,0.0237681159282503,0.5150501672240803,0,1,0.5709467520630331
18.875,0.5088607594936709,0.4155683886307533,48.890000000000015,5.091139240506329,0.0161420500338409,0.4177215189873418,0,1,0.726953891144361
19.5,0.5632183908045977,0.2079928076995816,64.8048157894737,4.425287356321839,0.0152439024235326,0.5114942528735632,0,1,0.5078618276388471
20.823529411764707,0.3197492163009404,0.2717743026731141,58.76719343536792,4.717868338557993,0.0176706827261925,0.4263322884012539,0,1,0.6361135180603851
21.142857142857142,0.4390243902439024,0.4497178514942567,38.73212825278813,5.307692307692308,0.0146804835881748,0.3789868667917448,0,1,0.8850245774597969
19.142857142857142,0.4540059347181009,0.5070601006421218,68.28800887573966,4.385756676557864,0.0239958268002108,0.5044510385756676,1,0,0.32491369309684187
27.375,0.5422343324250681,0.5746716180801522,47.01192835365856,5.005449591280654,0.0170529077319401,0.4359673024523161,1,0,0.267021981495726
28.75,0.4383116883116883,0.3527549208611004,38.826788747346086,4.941558441558442,0.0142105263083102,0.5064935064935064,0,1,0.7553075389646339
18.8,0.5465116279069767,0.3308721397175636,65.75606976744189,4.348837209302325,0.0170697012680869,0.5581395348837209,1,0,0.26914884132006195
22.9,0.4489795918367347,0.4051733317134308,70.83181632653063,4.1479591836734695,0.0315789473382019,0.5255102040816326,0,1,0.8730010076546123
20.043478260869566,0.3559322033898305,0.3760915198947802,69.45736024844723,4.418886198547216,0.0175814751211057,0.4987893462469733,1,0,0.10826660321496462
23.83333333333333,0.4741035856573705,0.4020218670985177,53.45477034120739,5.0,0.016774193537565,0.4661354581673306,1,0,0.42394380320201414
19.75,0.5586854460093896,0.2704045427645314,52.74164330218071,4.68075117370892,0.0158478605262695,0.5258215962441315,0,1,0.8939766551812912
17.696969696969695,0.3732251521298174,0.3316794336634088,57.74298058712122,5.0425963488843815,0.0198257734996017,0.4320486815415821,0,1,0.657553985282273
31.29032258064516,0.322508398656215,0.2546621219673619,34.38719961030526,5.315789473684211,0.0132542727566699,0.4479283314669653,0,1,0.842735674116019
15.318181818181818,0.3826714801444043,0.4575605777232193,90.82717208182916,3.642599277978339,0.0251798560969929,0.6173285198555957,1,0,0.40885904849220017
20.84,0.3819742489270386,0.354613975981022,47.94282790697676,5.01931330472103,0.0144280315993033,0.4549356223175965,0,1,0.5648296080306018
14.125,0.4776902887139108,0.4735133194564639,70.40059312445605,4.417322834645669,0.0239520957973504,0.5170603674540682,1,0,0.23679778596857598
14.666666666666666,0.3640350877192982,0.491140484353474,56.25835434549359,4.7105263157894735,0.0168005843558797,0.4692982456140351,1,0,0.2583691830450218
20.863636363636363,0.3516209476309227,0.3442058790225416,70.85833107191318,4.201995012468828,0.0207182320346601,0.5610972568578554,1,0,0.4049263182626763
18.789473684210527,0.4772727272727273,0.2948503454716234,59.92073108817061,4.6688311688311686,0.0198347107328734,0.4772727272727273,0,1,0.7218873337399253
19.88,0.4128440366972477,0.3873748759061485,55.1266672768879,4.692660550458716,0.0163170163106771,0.4770642201834862,0,1,0.5978060849681376
21.41176470588235,0.5327102803738317,0.4292576722595922,55.71778041651447,4.722741433021807,0.0207116303660586,0.4766355140186916,1,0,0.347568221621547
27.285714285714285,0.3559322033898305,0.295614527668433,51.88016949152544,4.867231638418079,0.0132764343227707,0.53954802259887,1,0,0.4662638598925276
21.16,0.4243697478991596,0.3179177101650996,57.176947368421054,4.53781512605042,0.0185804533561573,0.4810924369747899,0,1,0.7837527079123924
19.63636363636364,0.5808219178082191,0.3452412451497914,50.7461670761671,5.008219178082192,0.0221354166570592,0.3808219178082191,0,1,0.5718987239069684
18.42105263157895,0.4785478547854785,0.370416182649221,58.81049350649354,4.788778877887789,0.0183189655073712,0.4983498349834983,1,0,0.4789629545747502
21.32558139534884,0.4133333333333333,0.4393885800156497,69.63689818424866,4.284,0.0280177445650203,0.496,0,1,0.7721602810313041
20.72222222222222,0.4350453172205438,0.2567715152746344,57.55500332668001,4.716012084592145,0.0193778684245905,0.43202416918429,0,1,0.8060828685616586
24.0,0.4014598540145985,0.3224653616488583,51.083326930464864,4.939172749391728,0.0156124899857436,0.5158150851581509,0,1,0.7616929798843056
20.5,0.2929936305732484,0.3231944014926501,54.58639752716374,4.829617834394904,0.0160384923774289,0.4904458598726114,0,1,0.5094421019385114
22.0,0.5042735042735043,0.3530660505494535,59.05788461538465,4.5085470085470085,0.0172543135654506,0.4829059829059829,1,0,0.24050380234420027
15.95,0.528169014084507,0.2247235560426959,73.26707042253523,4.070422535211268,0.0195549561567397,0.5105633802816901,1,0,0.2951329168859336
21.0,0.5211726384364821,0.4970373862875954,67.51137806637809,4.140065146579804,0.0264824409749669,0.5244299674267101,1,0,0.37764850798569843
21.5,0.4126315789473684,0.3339706140314042,59.18775614427068,4.64,0.0178443968530177,0.511578947368421,0,1,0.5167334233466755
24.194444444444443,0.3198482932996207,0.3377284823179433,54.37112111953928,4.580278128950695,0.0159221583334979,0.5233881163084703,0,1,0.5891773341016833
17.5,0.4900662251655629,0.3299968889825985,70.30980719124545,4.337748344370861,0.0216881594245673,0.5,1,0,0.351481265277466
22.07692307692308,0.3929961089494163,0.2886523403472382,49.99374438790781,4.885214007782102,0.0171354671784237,0.4785992217898833,0,1,0.9243320768824632
14.571428571428571,0.4926470588235294,0.2892848948703926,84.55868131868134,3.9926470588235294,0.0220170454389083,0.5183823529411765,1,0,0.13186693322143903
18.88235294117647,0.5244755244755245,0.2216440182468371,61.8337841115828,4.489510489510489,0.0146788990735908,0.506993006993007,0,1,0.5799356096321223
20.133333333333333,0.5018315018315018,0.3952205384191992,52.06334782608698,4.831501831501831,0.0144752714026084,0.4908424908424908,0,1,0.5601142173030651
18.40909090909091,0.4070796460176991,0.5364165274160362,78.39867256637172,4.233038348082596,0.0255727224157843,0.495575221238938,1,0,0.4583252691464418
23.6875,0.4159021406727828,0.3936883966716734,69.47834821428575,4.232415902140673,0.0233853006551306,0.581039755351682,1,0,0.41696182534262005
20.894736842105264,0.4119318181818182,0.367740915710794,71.2719581374185,3.954545454545455,0.0227524972126789,0.5369318181818182,0,1,0.6102777231442125
20.7,0.592391304347826,0.25013705972284,61.75300000000003,4.641304347826087,0.0165593376112609,0.4728260869565217,0,1,0.6716020643760009
17.076923076923077,0.5294117647058824,0.382246401464432,65.88161604278076,4.475935828877005,0.0237430167487229,0.4759358288770053,1,0,0.3960556691994676
26.866666666666667,0.3496598639455782,0.2553059183760473,50.38063414634149,4.810884353741496,0.0143671607720941,0.4598639455782313,0,1,0.7220145116584018
20.782608695652176,0.4522613065326633,0.5940685625224716,74.31213214821162,4.100502512562814,0.027428057541624,0.5100502512562815,0,1,0.5651683801377071
20.9,0.4447592067988669,0.3126200084664041,69.85754681647941,4.28328611898017,0.0236869206881117,0.5212464589235127,0,1,0.7028012338176253
21.210526315789476,0.4927953890489913,0.3192421097344988,66.55534586466167,4.23342939481268,0.0181347150165105,0.5100864553314121,1,0,0.3680475467662662
27.55555555555556,0.529126213592233,0.4710326231540512,56.56683678894207,4.432038834951456,0.0185933710439827,0.5,1,0,0.057367273560459835
24.77777777777778,0.5320197044334976,0.2722530694904239,65.5844608648057,4.197044334975369,0.0157116450871426,0.5172413793103449,1,0,0.26518222966427896
17.541666666666668,0.427800269905533,0.3687069676071757,52.95719058849954,4.812415654520918,0.0173893405561451,0.4493927125506073,0,1,0.5580117185764251
17.576923076923077,0.4168734491315136,0.4783922050428849,57.45262130900886,4.667493796526054,0.0181741335510675,0.5086848635235732,1,0,0.4299406146222775
19.41379310344828,0.4088050314465409,0.4645770225701113,54.44014814814816,4.710691823899371,0.0207397165500381,0.4989517819706499,0,1,0.7458779257744219
20.930232558139537,0.4086727989487516,0.3821382154086243,54.71589096752675,4.842312746386334,0.0218790218743288,0.4901445466491458,0,1,0.5920980418557229
22.714285714285715,0.4892086330935252,0.2964659932220675,68.04620967741938,4.143884892086331,0.0153129161016558,0.5107913669064749,1,0,0.09533333377276093
17.0,0.4807692307692308,0.4179211384765327,60.17807855626327,4.608974358974359,0.0204194260372961,0.5224358974358975,1,0,0.4706457542591272
27.42105263157895,0.4054347826086956,0.3851848985084469,43.72094404701073,5.082608695652174,0.018306244650418,0.4532608695652174,0,1,0.527711159156474
17.904761904761905,0.3134328358208955,0.3106810857904135,71.193184079602,4.537313432835821,0.0204939568993725,0.5313432835820896,1,0,0.47218884984212156
21.772727272727277,0.4609164420485175,0.361362114595101,54.308783056925165,4.784366576819407,0.0273518441660373,0.4231805929919137,0,1,0.5666049281649472
16.833333333333332,0.4659090909090909,0.2545536508618116,52.5506060606061,4.791666666666667,0.02093908628113,0.4507575757575757,0,1,0.893891327234085
13.055555555555555,0.504950495049505,0.3467758497257534,78.59592959295932,4.178217821782178,0.0229357797954717,0.4851485148514851,1,0,0.2978865511262108
20.517241379310345,0.4137931034482758,0.3309686934213575,67.67045540796965,4.2298850574712645,0.0201668984630852,0.5459770114942529,0,1,0.5118502618743913
22.05555555555556,0.3931623931623931,0.3312797320739455,63.878397435897455,4.433048433048433,0.0166835186973288,0.5584045584045584,1,0,0.3524216140100728
19.166666666666668,0.4368932038834951,0.4027316720978053,61.44596552340121,4.550161812297735,0.0169779286830911,0.540453074433657,1,0,0.20144665726763858
24.07692307692308,0.4490909090909091,0.3495738990040216,44.16865384615386,5.223636363636364,0.0192036147926564,0.4381818181818182,0,1,0.8900003229560612
24.46153846153846,0.4965277777777778,0.3284620791010971,51.66771134020618,4.895833333333333,0.0159635119635327,0.4444444444444444,1,0,0.4006459400410661
19.857142857142858,0.3773584905660377,0.4240639319935187,59.18625,4.530398322851153,0.0213227321932335,0.4842767295597484,1,0,0.21932835800917638
20.11111111111111,0.4218009478672986,0.3021801323838493,66.11287094547966,4.358609794628752,0.0198019801924181,0.4786729857819905,0,1,0.5339291592220767
16.23076923076923,0.367816091954023,0.3897797901074459,64.42480769230772,4.545977011494253,0.0197115384520617,0.5,1,0,0.21716675556664583
18.710526315789476,0.389937106918239,0.3373328921034869,49.224950657894766,4.966981132075472,0.0178117048300733,0.4591194968553459,0,1,0.7814978297865842
18.294117647058822,0.5344129554655871,0.398947114577976,50.283561962334375,5.109311740890688,0.024512884962594,0.4008097165991903,0,1,0.7472351262859411
21.714285714285715,0.4579207920792079,0.5187226152568475,69.06339080459772,4.24009900990099,0.0205291970709264,0.5222772277227723,1,0,0.1014397818445182
21.904761904761905,0.2924281984334204,0.4056197667593045,58.17842885117494,4.360313315926893,0.0176826430815809,0.5639686684073107,1,0,0.43838411450605436
31.11111111111111,0.5609756097560976,0.3731416419092752,47.84304251012148,4.727642276422764,0.0198630136850253,0.4878048780487805,1,0,0.3535336772280595
20.72,0.3624733475479744,0.3850177686711242,54.48997526652451,4.76545842217484,0.0174039158747629,0.4818763326226012,0,1,0.6047235083291113
24.666666666666668,0.3809523809523809,0.5744435255450538,44.91688132609656,5.0,0.0149434571829792,0.4385964912280701,1,0,0.46966648864465155
20.35,0.5198776758409785,0.4852875067435652,80.44704973442784,3.896024464831804,0.0266976204139886,0.5443425076452599,1,0,0.4983631884988197
17.76,0.4263959390862944,0.4370994157744275,57.57628350083755,4.634517766497462,0.0166809238594179,0.4873096446700508,0,1,0.5116534985201665
18.38888888888889,0.4769736842105263,0.2901088607659755,55.10852003642989,4.927631578947368,0.0130010834165757,0.4276315789473684,1,0,0.3562281154658137
18.314285714285717,0.4275229357798165,0.2289839891432613,60.70852173913045,4.798165137614679,0.0214958774966148,0.4403669724770642,0,1,0.8183110149531535
21.157894736842103,0.3825136612021858,0.2820285497508908,63.61896031061261,4.693989071038251,0.0169571361201332,0.4781420765027322,1,0,0.49117691476436687
17.94736842105263,0.4617940199335548,0.3828299241078277,67.08748907151602,4.528239202657807,0.0221962616692778,0.5116279069767442,1,0,0.3265660720049861
19.83333333333333,0.3914027149321267,0.3292359165790249,69.55916334472286,4.538461538461538,0.0116512655638203,0.5294117647058824,1,0,0.03143742581701557
15.303030303030305,0.4904761904761904,0.4007247362897804,70.4668547299695,4.471428571428572,0.0290151205439251,0.5023809523809524,0,1,0.8646679478109409
20.84210526315789,0.42296918767507,0.3908026969196221,60.233421052631584,4.557422969187675,0.0161764705803056,0.5294117647058824,1,0,0.13252234264359214
26.2,0.3578947368421052,0.3264641826592769,54.7517783018868,4.389473684210526,0.0138941043883236,0.5494736842105263,1,0,0.3194276566484657
20.6,0.5258620689655172,0.3382070408317039,64.13820300751881,4.445402298850575,0.0219341973968423,0.4626436781609195,1,0,0.36650324997410677
24.714285714285715,0.4276729559748428,0.3421164429654084,51.48152208201896,4.6257861635220126,0.0142076502654603,0.5125786163522013,0,1,0.5709890227173796
28.454545454545453,0.3767123287671233,0.3166003503261856,40.82287048567875,4.883561643835616,0.0114416475907084,0.4554794520547945,1,0,0.4790719517867127
23.863636363636363,0.3894736842105263,0.3609862880911124,52.14954545454546,4.743157894736842,0.0141542816651966,0.5136842105263157,1,0,0.3369499747133613
21.6,0.5050847457627119,0.3985427087956564,45.900936936936944,5.36271186440678,0.0129937629870094,0.3898305084745763,0,1,0.808387381120986
18.0,0.3785425101214575,0.3624441007169913,74.40956011730206,4.137651821862348,0.0263059000276941,0.5587044534412956,0,1,0.716394793650976
20.0,0.4336917562724014,0.2851899808899334,51.2011612903226,5.189964157706093,0.0119863013630215,0.4551971326164875,1,0,0.4558635406190562
20.48,0.3634361233480176,0.3792584357019335,59.65407457171651,4.559471365638767,0.0168841135775579,0.513215859030837,1,0,0.2833620983873648
25.03703703703704,0.4371941272430669,0.36028529478718,37.224345960969146,5.207177814029364,0.0145334013221485,0.4698205546492659,0,1,0.8895812339605965
19.806451612903224,0.4436229205175601,0.2796184866252035,45.94985768500951,5.312384473197782,0.01898554830859,0.4343807763401109,0,1,0.9666298928453568
27.666666666666668,0.3317013463892289,0.3437815709410513,50.32996881649427,4.713586291309669,0.0169526143756224,0.5152998776009792,0,1,0.5205469861393194
33.142857142857146,0.5586854460093896,0.5279072562233108,37.04518691588788,4.924882629107981,0.0129573170632947,0.488262910798122,1,0,0.2398068169436789
27.466666666666665,0.6195652173913043,0.2945405993574518,46.33233750000002,4.983695652173913,0.0144609991172388,0.3994565217391304,0,1,0.7216873790124615
21.363636363636363,0.4363207547169811,0.3978211181452325,46.80525728987993,5.096698113207547,0.0160627568113325,0.4716981132075472,0,1,0.7951581670801192
18.14814814814815,0.4780487804878048,0.4280560319389375,71.53333333333335,4.321951219512195,0.0251517779596046,0.5,0,1,0.6694211106343515
22.789473684210527,0.576,0.3273096530602609,56.45174559089017,4.698666666666667,0.0158800176374591,0.4613333333333333,1,0,0.4475342979538431
17.64,0.3972972972972973,0.4978034161112963,81.71379032258068,4.002702702702703,0.0237733940193356,0.5243243243243243,1,0,0.3105262257397287
27.128205128205128,0.4578059071729958,0.3252543976573558,44.40321008403362,5.112869198312236,0.0166975881233432,0.4345991561181435,0,1,0.8287210305773494
20.73076923076923,0.4458333333333333,0.3359505061443114,54.582612146580345,4.991666666666666,0.0162574651571806,0.41875,0,1,0.5200719677985393
9.761904761904765,0.4742857142857143,0.349044721707581,79.93666666666668,4.337142857142857,0.0284842319140547,0.48,0,1,0.632756687881016
16.857142857142858,0.4836601307189542,0.3020882167754413,62.050940923896974,4.532679738562091,0.0198525240953757,0.5098039215686274,0,1,0.6510869893466477
15.185185185185183,0.4337349397590361,0.5854674322994529,58.54578746397695,4.680722891566265,0.0274177467460529,0.4728915662650602,1,0,0.45874173054432354
18.33333333333333,0.4242424242424242,0.4510776564886834,71.73295454545456,4.393939393939394,0.0145058930058876,0.5454545454545454,1,0,0.009175894675574383
22.23076923076923,0.4518664047151277,0.3764158655168618,46.81076032076032,5.1178781925343815,0.016732582897252,0.4459724950884086,0,1,0.7759627212848107
19.42105263157895,0.4953846153846153,0.364979364166773,54.83010347432028,4.75076923076923,0.0162767039591674,0.5076923076923077,0,1,0.7299588182720741
17.35,0.4455445544554455,0.2783777978047019,74.41313576158942,4.069306930693069,0.0214105793316054,0.5346534653465347,0,1,0.6156001591557243
19.066666666666663,0.5057034220532319,0.375512084384579,46.68918181818182,5.167300380228137,0.011883541288245,0.4562737642585551,0,1,0.5965100172348816
15.428571428571429,0.4258555133079847,0.3076527157231786,74.63853779429989,4.095057034220532,0.0241545893553108,0.5399239543726235,1,0,0.45923421157741584
21.23076923076923,0.4769874476987448,0.36724904758359,83.75202124235601,3.845188284518828,0.0162866449378773,0.502092050209205,1,0,0.06689844173959568
18.266666666666666,0.5502008032128514,0.2394338477223327,72.08961445783135,4.385542168674699,0.0160116448209522,0.5381526104417671,1,0,0.1306774877008639
25.0,0.5982905982905983,0.1658915241909608,70.31998305084747,3.931623931623931,0.0117845117646725,0.5384615384615384,1,0,0.07842733141478135
24.681818181818183,0.4175152749490835,0.218657059132793,49.55346441084271,4.806517311608961,0.0143835616389097,0.4928716904276985,0,1,0.9060401898298971
19.75,0.4011299435028249,0.3365755728394224,60.608045774647934,4.689265536723164,0.0188405797010432,0.4858757062146893,1,0,0.4746150181700802
20.18918918918919,0.3894899536321484,0.3408058872185618,50.50089454485163,5.128284389489954,0.0199240986670009,0.4358578052550231,0,1,0.8716458019240616
16.70212765957447,0.4062038404726735,0.5107183845249716,69.17620359393526,4.355982274741507,0.0267576075480698,0.5214180206794683,0,1,0.6037639012623831
22.26315789473684,0.4642857142857143,0.4552408105254103,60.85963089802132,4.516483516483516,0.0195610686929575,0.5054945054945055,1,0,0.09160199353720123
26.07692307692308,0.5547703180212014,0.4884299998140519,44.5896153846154,4.879858657243816,0.0239862935328462,0.3745583038869258,1,0,0.30713279284024103
19.2,0.4345794392523364,0.4233833411342337,53.30902180974482,4.787383177570093,0.0164641317065997,0.5,0,1,0.6982649949579787
20.294117647058822,0.4147157190635451,0.4221149569021042,68.79123529411767,4.193979933110368,0.0252774352495206,0.5351170568561873,0,1,0.7033856174080978
24.727272727272727,0.4959349593495935,0.3601064792011609,54.41089813800659,4.439024390243903,0.0158387328899649,0.532520325203252,0,1,0.5583770160813054
22.74074074074074,0.3277777777777778,0.3486407184867345,59.948333333333366,4.409259259259259,0.0239760239680399,0.5111111111111111,0,1,0.5597801182434508
18.944444444444443,0.5167785234899329,0.5073652527120887,60.48033333333336,4.5,0.0170789163621443,0.4899328859060403,1,0,0.06954783197430117
22.5,0.3875338753387534,0.3119037383069049,56.16431790955377,4.634146341463414,0.0140056022343577,0.4688346883468834,1,0,0.21613290770150537
24.714285714285715,0.5324675324675324,0.3646203040421879,40.6615384615385,4.8441558441558445,0.0144153763937985,0.474025974025974,0,1,0.8563200720428849
27.13793103448276,0.3997155049786628,0.310376415729632,53.93356435643565,4.605974395448079,0.016309639723391,0.4978662873399715,0,1,0.5609720190614111
21.1,0.4021937842778793,0.3860644435012335,51.349275102459046,4.895795246800732,0.0204081632591812,0.5045703839122486,0,1,0.682853264655985
20.8,0.493006993006993,0.4286491810323933,52.11362137049943,4.576923076923077,0.0128205128126858,0.5209790209790209,1,0,0.3564142957486582
21.476190476190474,0.4039900249376558,0.4136428666539532,60.79401606425704,4.43142144638404,0.0151324085686706,0.5386533665835411,1,0,0.07400327379168813
12.047619047619047,0.4906542056074766,0.3863421223443267,85.80007788161996,4.051401869158879,0.0317180616460633,0.5093457943925234,0,1,0.8418400850179956
18.61111111111111,0.4324324324324324,0.35737463109801,54.38375375375378,4.611486486486487,0.0203606747990921,0.4932432432432432,0,1,0.8574054638425311
27.1,0.5294117647058824,0.2339320335906329,48.82595876826724,4.7710084033613445,0.0197879858587321,0.4432773109243697,0,1,0.6892783979395778
11.566666666666666,0.4682274247491639,0.4108119097023517,87.765,3.979933110367893,0.0269922879003905,0.4983277591973244,1,0,0.4794482162443214
19.75,0.3016627078384798,0.3930850041532989,69.66583778701506,4.311163895486936,0.020425901772957,0.5985748218527316,1,0,0.3620809107766438
22.97142857142857,0.4056737588652482,0.4187757383845845,50.66194270591873,4.8056737588652485,0.0183550185830959,0.4921985815602837,0,1,0.6423211204645654
32.666666666666664,0.5151515151515151,0.1919886443496005,43.77970085470088,5.083333333333333,0.0177370030472556,0.4924242424242424,0,1,0.8184002737809325
18.96,0.3806146572104019,0.4493918260148639,58.400235294117664,4.505910165484633,0.0179166666592013,0.5366430260047281,1,0,0.3473266493185523
25.55,0.5431818181818182,0.2609352472978246,52.69349719101123,4.754545454545455,0.0193842645308307,0.4477272727272727,0,1,0.7412061545137836
31.714285714285715,0.5527638190954773,0.4663848179264169,33.813235294117675,4.909547738693467,0.0146460536902798,0.4673366834170854,0,1,0.5385123579861125
24.1875,0.4511041009463722,0.3604905698056346,72.56081994514109,4.287066246056782,0.0227651304704246,0.5173501577287066,1,0,0.40920175766112643
31.53846153846154,0.454014598540146,0.3389103052088292,39.24695221537328,4.972262773722628,0.0193147850036066,0.4306569343065693,0,1,0.5718375110136137
20.11111111111111,0.5061728395061729,0.4800592909634266,52.98841854124066,4.635802469135802,0.014909478152386,0.5617283950617284,0,1,0.5090290863754757
22.181818181818183,0.5388349514563107,0.409056617445125,49.56917641764181,5.0,0.0258823529208765,0.4029126213592233,1,0,0.4406183018767116
23.31578947368421,0.3622448979591837,0.4239106784607638,64.96527272727273,4.387755102040816,0.0210912425396188,0.5535714285714286,1,0,0.19257717169856348
26.22222222222222,0.3460925039872408,0.3937715156778301,40.99497903563943,5.232854864433812,0.0166544207649634,0.4274322169059011,0,1,0.7664376295207844
15.476190476190476,0.3071428571428571,0.3497420632691669,64.643696969697,4.496428571428571,0.0270951480610616,0.4392857142857143,0,1,0.9234731088760411
13.96,0.4579124579124579,0.516745279638702,74.85558787878789,4.326599326599327,0.0275944810872258,0.531986531986532,0,1,0.7455432652489146
18.23076923076923,0.2971014492753623,0.3758354383152434,60.98199026876739,4.560386473429952,0.0188600167565549,0.5169082125603864,1,0,0.4375950759011684
21.210526315789476,0.4785276073619632,0.4641060727304161,66.72544124662109,4.395705521472393,0.0260552370890801,0.4539877300613497,1,0,0.2930307582380235
25.88235294117647,0.3522167487684729,0.2792034015387087,46.93118653818499,4.879310344827586,0.0126324368326681,0.4507389162561576,1,0,0.4628755959275162
19.448275862068964,0.4463937621832358,0.2623873728018681,42.76771929824562,5.461988304093567,0.0142348754406183,0.4054580896686159,0,1,0.9647592237509958
16.70212765957447,0.406480117820324,0.5107183845249716,68.92810975229303,4.360824742268041,0.027084439716653,0.5198821796759941,0,1,0.6529474034252551
18.615384615384617,0.4225352112676056,0.2854531423379807,85.3482773564464,4.187793427230047,0.0218340611163021,0.5446009389671361,0,1,0.5512852099664832
31.866666666666667,0.2165178571428571,0.2967910661764589,41.12256547619052,4.671875,0.0108611326567644,0.5424107142857143,1,0,0.3319794862539795
25.73333333333333,0.4148148148148148,0.3113554114773517,37.15617699115046,5.238518518518519,0.0201973835161355,0.4488888888888889,0,1,0.9763818046078768
23.0,0.3450292397660818,0.3462239165086686,68.81780604133547,4.269005847953216,0.0204191294892965,0.4766081871345029,1,0,0.4232829376082895
23.857142857142858,0.4372881355932203,0.3030318658341133,67.69845637583894,4.444067796610169,0.0185962807326956,0.4610169491525424,1,0,0.3541346137802672
21.142857142857142,0.4494949494949495,0.4258722353387764,53.47119765494139,4.9267676767676765,0.0181668042864711,0.4595959595959596,1,0,0.3823413792448522
26.571428571428573,0.4503105590062112,0.2958943524301483,47.46821428571431,4.729813664596273,0.0161127895185736,0.5,0,1,0.8781877136013869
26.666666666666668,0.375,0.3820994491621265,49.802512104283096,4.561111111111111,0.018581907081378,0.5111111111111111,1,0,0.4680785559912459
24.6,0.4334365325077399,0.3137551230377333,50.44977678571431,4.746130030959752,0.0191809227479621,0.5015479876160991,0,1,0.8996065324091647
19.0,0.4017595307917888,0.5202659543320532,81.11224120234607,4.108504398826979,0.0244034707026011,0.5425219941348973,1,0,0.37880858334223005
28.6875,0.4471153846153846,0.3775983038169879,54.5973898381295,4.605769230769231,0.013795986616306,0.5048076923076923,1,0,0.10661775863484271
21.05263157894737,0.4986301369863014,0.3471670902463622,53.37931350114417,4.846575342465753,0.0131162369909017,0.4164383561643835,1,0,0.19567634650585403
26.714285714285715,0.4350393700787401,0.2862836002850882,47.50396449704144,5.112204724409449,0.0151850680116466,0.4330708661417323,0,1,0.8459171482251893
19.227272727272727,0.4043715846994535,0.3643807361314682,80.52282470481384,3.9754098360655736,0.0256948085864211,0.5655737704918032,0,1,0.7543748484414327
18.40909090909091,0.4809384164222874,0.5201678365043177,68.26797368421052,4.296187683284457,0.0198640878097939,0.5043988269794721,1,0,0.06530670076985977
21.22222222222222,0.4192546583850932,0.4631658536643623,55.22296436915889,4.714285714285714,0.0248062015375678,0.4285714285714285,1,0,0.34463912866358903
18.5,0.5070921985815603,0.4509006515276115,65.40999217527389,4.372340425531915,0.0243142144486819,0.5070921985815603,1,0,0.42981777721758657
13.775,0.4211711711711711,0.60247245583223,84.68364725014784,4.036036036036036,0.0331950207331141,0.4954954954954955,0,1,0.9140025265434079
19.869565217391305,0.3787128712871287,0.3885120000524147,51.8454132587172,4.871287128712871,0.018837018829305,0.4975247524752475,0,1,0.7558491804196014
27.6,0.6311475409836066,0.464333877193723,51.70178688524592,4.680327868852459,0.0195530725983895,0.4672131147540984,1,0,0.39950513295465717
21.181818181818183,0.4715025906735751,0.337940236149251,50.695946579194015,4.875647668393782,0.0165289256061744,0.4352331606217616,0,1,0.6007312342991216
23.192307692307693,0.3676470588235294,0.378549231847557,47.753845804830405,5.020220588235294,0.0145053669815766,0.4705882352941176,0,1,0.5540445552927722
20.4,0.4411764705882353,0.2671755873733495,60.42779542719619,4.4375,0.0148100450645138,0.5404411764705882,0,1,0.5681523869570192
29.33333333333333,0.3824289405684754,0.5136564583623171,40.60580541455164,4.852713178294573,0.0165562913838757,0.4444444444444444,1,0,0.27546576922351246
20.2,0.4015151515151515,0.3882063425649035,70.14408805031448,4.28030303030303,0.0170765027205761,0.553030303030303,1,0,0.09731365552896949
20.95833333333333,0.4659090909090909,0.3436489516434424,51.596619897959215,4.952272727272727,0.0203854707114953,0.4068181818181818,0,1,0.6311708964119179
17.75,0.6229946524064172,0.3600972429812756,58.40833333333336,4.879679144385027,0.0201224846806113,0.3903743315508021,1,0,0.3433903710253013
28.875,0.4560570071258907,0.3923663811469102,58.80093750000002,4.600950118764845,0.014084507036419,0.4964370546318289,1,0,0.05818307577746437
21.625,0.4175588865096359,0.2939274488166993,57.97326923076926,4.466809421841542,0.0190621425775592,0.5139186295503212,0,1,0.878027342155324
21.928571428571427,0.5321428571428571,0.1835989580253498,54.18605123674911,4.764285714285714,0.0130641330088692,0.4678571428571428,1,0,0.43051483679251634
24.157894736842103,0.4199029126213592,0.3548858298758813,60.6417948717949,4.497572815533981,0.0183525394714671,0.5825242718446602,1,0,0.4639477004106807
25.7,0.3659621802002225,0.4955707577104136,40.52520353982303,5.205784204671858,0.0199479618352215,0.4471635150166852,0,1,0.7873860720812011
18.6,0.4108761329305136,0.5073172248575879,66.05545515394917,4.157099697885196,0.0179977502710923,0.5045317220543807,1,0,0.05322589939502031
28.75,0.5606557377049181,0.38657364505484,38.26012995712756,4.9049180327868855,0.0164369034907545,0.5114754098360655,0,1,0.8462878982070023
18.0,0.5376344086021505,0.3566918372996798,53.3645769532784,4.835125448028674,0.0169096209813938,0.4623655913978494,0,1,0.5599988993700904
18.05555555555556,0.5487364620938628,0.3935695926545819,59.19927419354843,4.581227436823105,0.0221674876710791,0.483754512635379,1,0,0.38621224337639226
21.2,0.4424778761061947,0.4074845438714955,43.7457573616019,5.290265486725664,0.0170282889269353,0.4283185840707965,0,1,0.9075723525171039
26.857142857142858,0.519774011299435,0.2739232491535754,39.86657303370788,4.887005649717514,0.0093545369416702,0.4350282485875706,1,0,0.3593282612447098
20.09523809523809,0.4588859416445623,0.3688622699100899,69.31772207563766,4.347480106100796,0.0182341650584289,0.4986737400530504,1,0,0.1743938330098936
30.214285714285715,0.4195250659630606,0.3523093103718018,41.52000000000001,4.8680738786279685,0.0134607034244634,0.4749340369393139,0,1,0.6228357249144235
16.047619047619047,0.5531135531135531,0.5738598931960813,69.33409615384618,4.446886446886447,0.0280548628254022,0.4908424908424908,1,0,0.45538460324425406
27.384615384615383,0.3875,0.3343876546196724,44.44953296703298,5.0578125,0.0130750605295217,0.4984375,0,1,0.5028209328685975
30.9,0.5017543859649123,0.286348328962496,42.62348251748253,4.585964912280701,0.012844036689392,0.4842105263157895,1,0,0.40286877532738397
17.5,0.5443548387096774,0.519811553115347,62.949905873493975,4.395161290322581,0.0172043010629359,0.5040322580645161,1,0,0.04588201395024785
17.846153846153847,0.3430531732418524,0.3820596334429762,66.93396389324963,4.210977701543739,0.0214086254975461,0.516295025728988,1,0,0.3839094856059438
17.5,0.5178082191780822,0.3941752553152212,54.95299299191376,4.991780821917808,0.0217959895284237,0.4465753424657534,0,1,0.6621141229244988
16.04,0.5410764872521246,0.3987997989766569,52.88645617977531,5.011331444759207,0.0180180180099017,0.3711048158640226,1,0,0.48781846829118847
26.227272727272727,0.4552380952380952,0.2848462980325159,43.80064168556973,5.226666666666667,0.0144360902212222,0.3980952380952381,0,1,0.8781536108417954
25.666666666666668,0.4806547619047619,0.6886546292083023,42.60001561686624,5.107142857142857,0.0173464603803688,0.4255952380952381,0,1,0.5317978892261771
19.785714285714285,0.4872881355932203,0.500035813868381,68.01193277310927,4.580508474576271,0.0238095237923452,0.4364406779661017,1,0,0.16099160597469292
21.0,0.3859060402684564,0.2547730183326264,61.43059626581008,4.442953020134228,0.0159574467990795,0.5234899328859061,0,1,0.5948739201154081
15.923076923076923,0.5434782608695652,0.2714786557665987,53.10653846153849,4.945652173913044,0.0162950257150128,0.4619565217391304,0,1,0.6656217818616518
23.0,0.6465863453815262,0.2459501740670524,53.78784120734912,4.791164658634538,0.0120240480881602,0.4979919678714859,0,1,0.5517637376740875
28.63636363636364,0.4236111111111111,0.3173650539924886,50.716704545454576,4.864583333333333,0.0145180023144494,0.5034722222222222,1,0,0.43041380878862173
24.31578947368421,0.3952380952380952,0.4327813511094674,54.129059882485336,4.566666666666666,0.0166944908110624,0.5285714285714286,1,0,0.24619959030534488
18.666666666666668,0.3828828828828828,0.4268317638482402,72.92400821089024,4.166666666666667,0.0235690235591039,0.5067567567567568,0,1,0.572982035878462
18.483870967741936,0.4273684210526315,0.3648345931724208,64.20822280104188,4.722105263157895,0.0234183851718216,0.44,0,1,0.5878360217145858
22.0,0.3568129330254042,0.2550659015087825,50.53087308970103,4.897228637413395,0.0128520128495838,0.4838337182448037,0,1,0.5478873082655692
20.36,0.5037220843672456,0.278147008466722,48.738745003996826,4.990074441687345,0.0256901840392292,0.4069478908188585,0,1,0.7719656678826687
15.625,0.4549763033175355,0.365469537585963,83.58997186018958,4.232227488151659,0.0287891617029727,0.4786729857819905,0,1,0.9056508497739496
20.363636363636363,0.4335839598997493,0.4217982054831185,60.63445454545455,4.87218045112782,0.0195833333251736,0.4786967418546365,1,0,0.32804661308680044
21.09523809523809,0.3316455696202531,0.3492384413374774,63.73472573839664,4.620253164556962,0.0188927943677975,0.4379746835443038,1,0,0.4193798371644094
35.4,0.5153374233128835,0.4414739896891258,50.21961963190186,4.441717791411043,0.0132743362685018,0.5276073619631901,1,0,0.04266002904273312
24.511627906976745,0.3113708820403825,0.4786393323784361,45.57521478299512,5.153028692879915,0.0178301093325769,0.4569606801275239,0,1,0.5754719984215627
15.586206896551724,0.3685567010309278,0.4440348427462779,73.34407506702414,4.005154639175258,0.0222662048380671,0.5231958762886598,1,0,0.40650776920077614
19.16,0.3515439429928741,0.5303453389167343,73.99513159144895,4.254156769596199,0.021006564542229,0.4821852731591449,1,0,0.08189982200295204
20.40909090909091,0.3969849246231156,0.5123317200040568,46.15441045796311,4.703517587939698,0.0214041095798783,0.4798994974874372,1,0,0.46387966952902804
27.6,0.4640657084188911,0.2906239696173268,50.107349726775965,4.757700205338809,0.0148429409682972,0.5092402464065708,0,1,0.8032586710538957
26.23076923076923,0.4474123539232053,0.3026500826111556,44.05162931809426,5.06677796327212,0.0150456743645766,0.4440734557595993,0,1,0.8550892371882721
25.76923076923077,0.5504885993485342,0.332484240213225,46.95059139784951,4.846905537459284,0.0146579804480684,0.4560260586319218,0,1,0.6774289861401509
19.692307692307693,0.3896499238964992,0.3509108365783669,62.6815567765568,4.497716894977169,0.0222634508289786,0.487062404870624,0,1,0.5701402608370818
23.666666666666668,0.3379120879120879,0.4290576216377854,71.03483304794521,4.18956043956044,0.0250878073130517,0.5384615384615384,1,0,0.3835204435024778
25.666666666666668,0.4526627218934911,0.183664091853749,72.58200986193296,4.100591715976331,0.0230337078522282,0.5414201183431953,0,1,0.6942454616914269
23.63636363636364,0.5333333333333333,0.3070907451359936,51.70066366596439,4.82,0.0203402366788682,0.4266666666666667,0,1,0.6246046141542693
21.217391304347824,0.3370786516853932,0.3085768786380745,45.309708237986285,5.171910112359551,0.0126827549739857,0.4348314606741573,0,1,0.5573319115084544
22.07692307692308,0.4959349593495935,0.5384374326723632,41.0093642098274,5.008130081300813,0.0168067226782115,0.4715447154471545,0,1,0.6305751351666377
22.176470588235293,0.6226993865030674,0.2882106465283407,48.64577958894404,4.96319018404908,0.0185456320065663,0.4447852760736196,0,1,0.9025692392879984
16.954545454545453,0.310126582278481,0.3541005729518514,73.65527617951669,4.3575949367088604,0.0227790432672101,0.5031645569620253,1,0,0.4382025399872373
15.73913043478261,0.4026845637583892,0.4513003691575875,73.53778564206269,4.157718120805369,0.0223835450560293,0.5570469798657718,1,0,0.40656909169418365
20.0,0.569620253164557,0.3009244863749054,64.39767295597487,4.386075949367089,0.0215175537695157,0.5253164556962026,0,1,0.5510645389824038
17.6875,0.5662650602409639,0.3454775019888036,63.61303571428572,4.634538152610442,0.0189959294308033,0.4698795180722891,1,0,0.1718769777581505
23.0,0.460559796437659,0.3808676678345004,50.12079573934838,4.704834605597965,0.0158662092556319,0.5063613231552163,0,1,0.8253916252736437
24.653846153846157,0.3835376532399299,0.2778356712657532,56.38466893439309,4.798598949211909,0.0176574455510131,0.4640980735551663,0,1,0.7242445575238668
21.0,0.3934426229508196,0.6639074428505037,77.34530193236718,3.8169398907103824,0.023923444963358,0.5846994535519126,1,0,0.2767013106654179
26.24137931034483,0.3742690058479532,0.274736059866762,57.23184210526317,4.616959064327485,0.0182787509473778,0.5043859649122807,0,1,0.6366768752015035
13.821428571428571,0.5184049079754601,0.4047125107387667,60.4239201183432,4.852760736196319,0.0208636584081204,0.4754601226993865,1,0,0.23282681722939397
21.227272727272727,0.3174224343675417,0.411653160362237,59.29145313517032,5.0,0.0175233644791575,0.39618138424821,1,0,0.3711590206740307
19.608695652173918,0.3381995133819951,0.3084670671792235,53.53966863655555,5.085158150851582,0.0136612021804601,0.4501216545012165,1,0,0.3166400232783849
12.529411764705882,0.5056179775280899,0.5448436776943172,76.9137069115599,4.26685393258427,0.0256024096257016,0.5365168539325843,1,0,0.34809747452180934
21.7,0.4479166666666667,0.3791985369433063,60.28637987012989,4.518229166666667,0.0164458656845838,0.5078125,1,0,0.13554523812473732
18.9375,0.5296296296296297,0.2156860883795399,61.31808850364965,4.5851851851851855,0.0149999999906249,0.4444444444444444,0,1,0.5291591522870166
22.22222222222222,0.6010928961748634,0.512103482118118,47.50814207650277,4.8469945355191255,0.0155963302609207,0.453551912568306,1,0,0.4201075661949798
19.90909090909091,0.4076086956521739,0.4163772476969964,64.73183737924202,4.557065217391305,0.0232558139426717,0.4646739130434782,1,0,0.47467440822248314
16.333333333333332,0.4333333333333333,0.4238950497014889,61.827352941176486,4.6066666666666665,0.0200343445792591,0.5133333333333333,1,0,0.41590256932073927
20.11764705882353,0.4966887417218543,0.3096655353645489,84.77095588235296,3.837748344370861,0.0260695186991513,0.4701986754966887,0,1,0.6812499160259868
20.904761904761905,0.3884514435695538,0.4944678962086932,51.63481001727118,4.939632545931759,0.0217664294592857,0.4593175853018372,1,0,0.38491574518623667
19.291666666666668,0.3129584352078239,0.4016523560264916,90.04479879788103,3.767726161369193,0.0222441917833691,0.5819070904645477,1,0,0.38276023409442117
17.285714285714285,0.4067278287461773,0.448875200941113,49.51256880733948,5.116207951070336,0.0176557135764317,0.4648318042813456,0,1,0.7388628337006937
17.526315789473685,0.4406779661016949,0.3395120151349215,63.45884032114185,4.783050847457627,0.0205128205011322,0.4779661016949152,1,0,0.4114767979799419
22.19047619047619,0.4697336561743341,0.3456201462323666,50.6012449799197,5.048426150121065,0.0190884300665802,0.4261501210653753,0,1,0.7548111965145023
21.291666666666668,0.4479830148619957,0.3444615987733812,47.09791666666669,5.116772823779193,0.0128769908461955,0.4479830148619957,0,1,0.5476125614482227
18.53846153846154,0.4615384615384615,0.3325978978657025,60.000554561717365,4.8321678321678325,0.0194401244092379,0.5104895104895105,0,1,0.5629642191254385
19.56,0.3695652173913043,0.4447746756755325,71.30051304347828,4.234299516908212,0.025686448172858,0.5217391304347826,0,1,0.674505816680142
23.647058823529413,0.4178272980501393,0.3413856105490394,58.61841553334426,4.559888579387187,0.0190895741463095,0.467966573816156,1,0,0.3766910110058031
18.375,0.3945205479452054,0.8697290188469999,74.84829570979336,4.284931506849315,0.0240431795760337,0.5041095890410959,1,0,0.16353716012286423
22.714285714285715,0.4306930693069307,0.3035419203512071,55.86203775038521,4.688118811881188,0.0206270626977611,0.4678217821782178,0,1,0.741577886110366
22.45,0.3980099502487562,0.3920011462826392,68.64586138613865,4.2288557213930345,0.0170271513957537,0.4701492537313433,1,0,0.1380966512339583
13.21951219512195,0.3159090909090909,0.3734054519209461,93.66858138377304,3.704545454545455,0.028867839409622,0.6136363636363636,0,1,0.7235091392636518
33.0,0.52,0.3273101263647366,38.76029661016952,4.862857142857143,0.0129629629509602,0.5085714285714286,0,1,0.5109308743075083
21.384615384615383,0.48582995951417,0.2988860015318199,65.61639676113361,4.190283400809717,0.0180859080496715,0.5020242914979757,1,0,0.44865443188815474
18.42105263157895,0.4548611111111111,0.4957616011270895,69.86375000000001,4.128472222222222,0.0221799746374017,0.5590277777777778,1,0,0.2692821962145079
17.571428571428573,0.4608294930875576,0.2739608046606736,71.89146788990826,4.391705069124424,0.0210396039517163,0.5184331797235023,0,1,0.6568028792263467
23.44,0.3385518590998043,0.4038423764838865,45.54842687140115,4.986301369863014,0.0181538461482603,0.4951076320939334,0,1,0.7360875273299862
23.625,0.5625,0.4839751487024253,65.72375000000002,4.075,0.0281690140514448,0.58125,1,0,0.3094021786640639
20.76923076923077,0.4444444444444444,0.4469681219325152,61.48452991452993,4.62962962962963,0.0193271295495152,0.4650205761316872,1,0,0.1254628449731181
20.83333333333333,0.3100890207715133,0.2503117935396261,55.57708333333335,4.79673590504451,0.017473789311664,0.5059347181008902,0,1,0.7592550320756001
20.285714285714285,0.3057432432432432,0.3540229695732915,65.51995615514335,4.58445945945946,0.0189057576571453,0.4763513513513513,1,0,0.26268266219355685
24.43243243243243,0.3593556381660471,0.2882438452155345,46.015319170025805,4.975216852540273,0.0165713158381196,0.4696406443618339,0,1,0.9099276332440157
23.444444444444443,0.374331550802139,0.3797092823622447,54.547694592988734,4.67379679144385,0.0201927489581492,0.5427807486631016,0,1,0.5893841928861895
16.107142857142858,0.423469387755102,0.3824753127810065,67.11061724565761,4.584183673469388,0.0196570472523391,0.4566326530612244,1,0,0.1716372714855955
25.95,0.3650627615062761,0.3463869985957681,40.20838207547172,5.091004184100418,0.0128097084084258,0.4581589958158996,0,1,0.7042769992750207
23.3,0.6732673267326733,0.4125756052530729,40.95609708737868,5.297029702970297,0.013636363626033,0.400990099009901,0,1,0.9156955908532652
18.55555555555556,0.5823754789272031,0.452403011966882,56.61840416803415,5.0344827586206895,0.0271800679347791,0.3486590038314176,0,1,0.5324597100715304
21.571428571428573,0.3965087281795511,0.3476663348341881,70.68723134328359,4.311720698254364,0.0162822252300849,0.5311720698254364,1,0,0.08990400921152807
28.666666666666668,0.5496688741721855,0.3515399053609561,53.54500000000003,4.960264900662252,0.0167364016561334,0.4370860927152318,1,0,0.37956623489594893
15.137931034482758,0.391644908616188,0.3719615950540213,62.71031250000004,4.754569190600522,0.0202821869399108,0.4360313315926893,1,0,0.48715392698663
23.63636363636364,0.531390134529148,0.3070907451359936,52.4460381153036,4.769058295964125,0.0202877167022177,0.4304932735426009,0,1,0.6624688571263563
22.32,0.4690831556503198,0.2552489664236675,62.82903682008369,4.336886993603412,0.0190058479462697,0.5074626865671642,0,1,0.6614295121345514
16.1875,0.5023041474654378,0.3986941962175036,65.1836666666667,4.635944700460829,0.0255615801506107,0.4930875576036866,0,1,0.5370034725913768
22.5,0.3792270531400966,0.269342820557661,64.65046583234009,4.382850241545894,0.0182403433437252,0.4951690821256038,0,1,0.6011378881165416
20.7,0.5828877005347594,0.4532059929029236,65.73772727272728,4.2727272727272725,0.0177514792724344,0.5133689839572193,1,0,0.03252726411499476
18.79310344827586,0.3217213114754098,0.3634231837507757,43.275204081632666,4.987704918032787,0.0173506840115613,0.4918032786885246,0,1,0.8565162995693881
17.466666666666665,0.5267857142857143,0.4143638906424365,67.57050000000001,4.294642857142857,0.02639999997888,0.5803571428571429,0,1,0.5463860901768207
18.2,0.5923566878980892,0.3057236698666896,56.25337744533948,4.738853503184713,0.0201698513586307,0.5031847133757962,0,1,0.8270216401911898
19.61111111111111,0.3911671924290221,0.3382986482029451,66.46319225376799,4.586750788643533,0.0182018753346928,0.5520504731861199,1,0,0.3042824243148582
23.55,0.4739336492890995,0.2924931753816988,54.939443661971865,4.831753554502369,0.015723270434071,0.485781990521327,0,1,0.6282370177847577
15.952380952380953,0.4857142857142857,0.3683151247369547,77.52805164319251,4.110714285714286,0.0216535432928782,0.5607142857142857,1,0,0.1972980144107527
20.3125,0.5087719298245614,0.2805067127918503,59.315000000000026,4.617543859649123,0.0208706022535059,0.4421052631578947,0,1,0.6453032801525623
22.294117647058822,0.3579881656804733,0.4643049623290384,57.73484906872193,4.476331360946745,0.0175348117495952,0.5236686390532544,1,0,0.20763259373158804
20.375,0.4768683274021352,0.2913302941821639,51.967699867491206,4.701067615658363,0.0210084033487344,0.4199288256227758,0,1,0.750341397877508
30.75,0.7083333333333334,0.8387391314003201,57.50166237113402,4.697916666666667,0.0266666666222222,0.3645833333333333,1,0,0.1662762125393627
21.16,0.4276729559748428,0.5305952049540665,51.46786487461665,4.647798742138365,0.0155346820753126,0.5283018867924528,0,1,0.5028938176168054
19.1875,0.5393258426966292,0.2696903031459406,59.4655337591241,4.928838951310861,0.0161290322487735,0.4531835205992509,0,1,0.5861008414551451
28.94736842105263,0.2879684418145957,0.3968137423850886,46.13568794032327,4.684418145956608,0.0143100511024497,0.52465483234714,1,0,0.41967721347475817
14.857142857142858,0.5142857142857142,0.3667736507510168,81.68046610169492,4.24,0.0313479623496886,0.5028571428571429,0,1,0.8779878073690166
20.96153846153846,0.3653444676409186,0.3104389634595839,64.54528846153848,4.382045929018789,0.0230740602816992,0.511482254697286,0,1,0.7893989571451112
19.08,0.4086538461538461,0.3363848908303445,66.81127867298581,4.4423076923076925,0.0233843537315542,0.5192307692307693,0,1,0.5152237641613268
15.133333333333333,0.5693069306930693,0.3836900466798062,46.4608943089431,5.118811881188119,0.0164964650302462,0.4207920792079208,0,1,0.8511016476471476
17.85185185185185,0.4545454545454545,0.3112171330200467,65.28359050982523,4.437346437346437,0.0251190991662541,0.5331695331695332,0,1,0.7287146549104431
21.94736842105263,0.3810810810810811,0.293977788441721,54.60782816711591,4.808108108108108,0.0144927536166246,0.4540540540540541,1,0,0.4155836873763518
19.13636363636364,0.4075067024128686,0.3048256413628389,62.61273153789911,4.659517426273458,0.0175115207292573,0.517426273458445,1,0,0.4174958328719798
18.764705882352946,0.3417266187050359,0.2702114205781994,72.46626110876007,4.431654676258993,0.017879948903014,0.5215827338129496,1,0,0.3717900899639624
12.741935483870968,0.4293948126801152,0.4109383735201343,92.95083433133736,3.645533141210375,0.0187651331605537,0.579250720461095,1,0,0.11298919859384976
17.666666666666668,0.400709219858156,0.401137555133144,72.55928794992177,4.336879432624113,0.0177215189761256,0.5354609929078015,1,0,0.0711116924920929
18.81578947368421,0.3557692307692308,0.4237485052730859,74.24936234817815,4.237179487179487,0.0249406175697919,0.532051282051282,0,1,0.6414859021813509
28.857142857142858,0.5945945945945946,0.2115431671170337,45.68758064516132,4.745945945945946,0.0145058930058876,0.4756756756756757,0,1,0.8745213212494924
22.33333333333333,0.4370546318289786,0.465395446990629,41.61752144082337,4.954869358669834,0.0155159037953778,0.4679334916864608,0,1,0.6731043830507778
25.916666666666668,0.450354609929078,0.3092672514762044,65.08250000000002,4.351063829787234,0.0161917098340727,0.5425531914893617,1,0,0.21092715851659052
18.05263157894737,0.3941368078175896,0.4064520338780144,72.87752184466021,4.3452768729641695,0.0183215129915357,0.5179153094462541,1,0,0.09998895646091842
24.210526315789476,0.3446601941747573,0.2541154537857087,68.05996195307549,4.66747572815534,0.0169141914121641,0.4490291262135922,1,0,0.4240021497445253
25.692307692307693,0.3741496598639456,0.4550307064698739,23.02528257456831,5.857142857142857,0.0184108527042583,0.4387755102040816,0,1,0.9695667743294901
19.2,0.4084507042253521,0.3104096593693164,51.3461447795824,4.936619718309859,0.0178232840281292,0.4718309859154929,0,1,0.8699265884827344
15.625,0.5727699530516432,0.4053245353678186,71.10330023364487,4.417840375586854,0.0231404958486442,0.4788732394366197,1,0,0.20162220251949903
20.55555555555556,0.5614035087719298,0.6063698586038515,49.02368421052634,5.257309941520468,0.012855831025844,0.4269005847953216,0,1,0.5958273985204101
15.448275862068966,0.4078947368421052,0.4092559248067671,74.17473684210528,4.405263157894737,0.0275700934450607,0.4552631578947368,0,1,0.8950872655360358
18.52,0.3636363636363636,0.3035767409440481,62.3570229665072,4.794258373205742,0.0165857605110899,0.430622009569378,1,0,0.43182915855606013
14.043478260869565,0.4623655913978494,0.3082322620058425,82.98776397515529,4.046594982078853,0.0272294077418451,0.5376344086021505,0,1,0.7039937261574827
20.928571428571427,0.4716981132075472,0.2909043183507839,56.093443396226405,4.615094339622641,0.0150622134806403,0.4490566037735849,1,0,0.44412991876748154
25.07692307692308,0.4630872483221476,0.5251942037163392,48.98567339637109,4.620805369127517,0.0133954571849764,0.4798657718120805,1,0,0.22391911764079722
31.625,0.2991266375545851,0.4401217134883223,39.10388438133879,4.759825327510917,0.0139398385862289,0.5218340611353712,1,0,0.2901305111573746
19.08333333333333,0.416243654822335,0.5105062837340791,82.38223561759732,3.812182741116752,0.0281973816433057,0.5380710659898477,0,1,0.8911905704069413
21.2,0.5719298245614035,0.3674807665148453,49.10909111880048,5.143859649122807,0.0143329658134878,0.4210526315789473,0,1,0.7798190710953499
24.94736842105263,0.3878504672897196,0.4372639440750187,44.49850000000001,4.873831775700935,0.0154499806815565,0.4836448598130841,1,0,0.4448101961012352
21.625,0.4236559139784946,0.4747514668615364,36.03664410828026,5.096774193548387,0.0148448043134801,0.4365591397849462,0,1,0.9327524427925827
21.19047619047619,0.4353233830845771,0.3222506233588398,54.40201492537315,4.646766169154229,0.018111254843419,0.5,0,1,0.827002363126014
18.64,0.4794188861985472,0.4155228849124183,52.96235395683456,4.782082324455206,0.018319394656185,0.5012106537530266,0,1,0.8332256046407581
15.384615384615383,0.4222873900293255,0.3725586959876279,70.11217647058825,4.428152492668621,0.0227038183577379,0.4956011730205278,1,0,0.3851228631939689
31.357142857142858,0.4382871536523929,0.4740285369405937,46.23682330827069,4.788413098236775,0.0157446808443639,0.4634760705289673,1,0,0.06728981119517972
18.692307692307693,0.5462962962962963,0.3624670980384646,56.22080419580419,4.861111111111111,0.01492537312319,0.4675925925925926,1,0,0.2977062080220101
23.2,0.3199233716475095,0.2966318929742331,59.22800689655176,4.390804597701149,0.0162629757729193,0.4980842911877394,0,1,0.6092056914336601
27.454545454545453,0.6528301886792452,0.4039192086513376,41.19818181818184,5.0452830188679245,0.0180831826292446,0.3924528301886792,0,1,0.5739946957427317
20.61904761904762,0.4485488126649076,0.4276697080001558,70.59017406440385,4.08179419525066,0.0163447251033458,0.5224274406332454,1,0,0.02773149449715266
22.25,0.5344827586206896,0.2998828347780896,53.05752145922747,4.745689655172414,0.023071377056185,0.4827586206896552,0,1,0.8560003586876335
18.193548387096776,0.4323770491803279,0.3530283686962469,63.6002575389265,4.700819672131147,0.0236382322632277,0.4918032786885246,0,1,0.5151032858136912
22.0,0.4725457570715474,0.3275739748311748,52.71875000000003,4.770382695507488,0.0195323246163597,0.4692179700499168,0,1,0.7436827627642215
30.94117647058824,0.4212765957446808,0.3253673181565167,33.003419972640245,5.059574468085106,0.013296965559735,0.4787234042553192,0,1,0.6706780703710589
22.13636363636364,0.5216400911161732,0.3473383337792968,50.11396805896808,4.917995444191344,0.0141211445506796,0.4123006833712984,1,0,0.4180817978283842
22.0,0.3180661577608142,0.4993797579180934,30.39101335877865,5.269720101781171,0.0153482880695205,0.4783715012722646,0,1,0.9005506958838756
17.055555555555557,0.5247148288973384,0.4631023523918027,59.342045454545485,4.813688212927756,0.0222222222085048,0.4524714828897338,1,0,0.3195261925261593
23.33333333333333,0.4935897435897436,0.3638793095464974,42.86287788533136,5.060897435897436,0.0151515151438628,0.4583333333333333,0,1,0.8970862064010574
20.26315789473684,0.4194528875379939,0.4005561798057075,56.134565004887634,4.729483282674772,0.0162213740380623,0.486322188449848,0,1,0.5599056588921547
15.96551724137931,0.3341523341523341,0.2798622554481645,69.65349633251836,4.400491400491401,0.0215100965665012,0.4889434889434889,1,0,0.38674300381077725
21.818181818181817,0.4952830188679245,0.2923800664800609,70.74865351629505,4.358490566037736,0.0170212765812584,0.5613207547169812,1,0,0.31968379686941495
24.403846153846157,0.3410922112802149,0.3362066241023119,53.54543384410621,4.599820948970456,0.0178239305614036,0.5031333930170099,0,1,0.5681686808104778
23.272727272727277,0.521551724137931,0.2779208225314608,61.80962382445142,4.5344827586206895,0.0160183066239372,0.4827586206896552,1,0,0.36966231405865574
19.77777777777778,0.5335463258785943,0.4161097359751527,61.87984646787366,4.626198083067092,0.0198347107328734,0.4504792332268371,1,0,0.11672603875884584
28.823529411764707,0.3632385120350109,0.4789965744733628,70.14328485004506,4.146608315098468,0.0133947258210989,0.5339168490153173,1,0,0.007181629273907811
24.5625,0.3966480446927374,0.3026064652864345,53.87035058864268,4.860335195530726,0.0147874306770852,0.4720670391061452,1,0,0.4150477044844113
25.77777777777778,0.3089622641509434,0.348072007759662,51.68995751633989,4.834905660377358,0.0154150197567529,0.5283018867924528,1,0,0.3694320282728296
24.27586206896552,0.4404388714733542,0.264517460190814,50.57098283931359,4.741379310344827,0.0151354221946002,0.5141065830721003,0,1,0.935068219647759
16.8,0.5198237885462555,0.4822040630388456,51.69391848617178,4.691629955947136,0.0132841328315246,0.5066079295154186,1,0,0.4380100731743039
20.90909090909091,0.5333333333333333,0.3378459347997581,67.89240259740261,4.37948717948718,0.0264357337954095,0.4923076923076923,0,1,0.6822467933737406
18.53846153846154,0.4541176470588235,0.2739217685286848,63.44318325791856,4.609411764705882,0.0206310679528191,0.5176470588235295,0,1,0.739564643475963
16.291666666666668,0.4431486880466472,0.4224750941307765,57.16627611758992,5.067055393586005,0.022514071283999,0.434402332361516,0,1,0.5694797783436977
26.07692307692308,0.4060402684563758,0.3224122544206531,71.4304930304595,4.278523489932886,0.0208588956927246,0.4664429530201342,1,0,0.48008785357367684
20.823529411764707,0.4395973154362416,0.5286940071694591,44.11602110611688,4.852348993288591,0.0162513542707197,0.5,1,0,0.4547238481862436
18.33333333333333,0.4487951807228915,0.4299309174356899,71.32604547622833,4.219879518072289,0.02135815990068,0.5090361445783133,1,0,0.22190092625114696
19.384615384615383,0.4933333333333333,0.4585351136677691,58.41969230769234,4.644444444444445,0.0191277735125265,0.4666666666666667,1,0,0.17245153262195478
20.2,0.5116279069767442,0.4342913091828324,67.7319285714286,4.436046511627907,0.0162271805109257,0.5116279069767442,1,0,0.026735044706778073
22.6,0.3908794788273615,0.4693325448447117,54.8647849462366,4.511400651465798,0.0160919540137402,0.5407166123778502,1,0,0.4704118734875045
22.05263157894737,0.5080213903743316,0.2816431239158907,65.91738095238095,4.302139037433155,0.0195312499904632,0.5187165775401069,0,1,0.602095560890435
20.916666666666668,0.4587155963302752,0.3203890673601715,56.83982088989444,4.454128440366972,0.0168946098013719,0.5688073394495413,0,1,0.7816582796974639
26.11764705882353,0.4356955380577428,0.418373648316668,66.53460383858268,4.228346456692913,0.0240384615269045,0.5249343832020997,1,0,0.2394792741603751
17.36842105263158,0.4403973509933774,0.2327225244314459,65.2025043569188,4.367549668874172,0.0163240628680023,0.5132450331125827,1,0,0.3745617290526892
17.416666666666668,0.4756446991404011,0.4273935084289025,65.86671608321916,4.521489971346705,0.0236220472324694,0.5214899713467048,1,0,0.44706801940918844
22.94736842105263,0.3865979381443299,0.3299086762169947,64.98561704834607,4.195876288659794,0.019811320745372,0.5592783505154639,0,1,0.614712001678061
16.0,0.6461038961038961,0.4623617440582757,55.56201298701299,5.029220779220779,0.0209314494919249,0.4155844155844156,1,0,0.4907397511498061
18.92,0.4071428571428571,0.3946529036374392,62.04977149321266,4.488095238095238,0.0193033990686934,0.5142857142857142,1,0,0.38604259103766564
22.428571428571427,0.3995215311004784,0.3726704198593252,79.9752187748608,3.7033492822966503,0.0185004868459101,0.5645933014354066,1,0,0.15408491157140725
20.84210526315789,0.4555873925501432,0.4581645822937822,49.15191729323311,5.151862464183381,0.0181159420207808,0.4383954154727794,0,1,0.6120604247440279
23.314285714285717,0.373806275579809,0.4572474358057976,44.24164305177115,5.05593451568895,0.0171617161678412,0.417462482946794,0,1,0.6775925090892176
16.928571428571427,0.4556650246305418,0.4137818494004309,79.19660249358272,4.073891625615763,0.0261682242868372,0.5566502463054187,0,1,0.7626057229047234
19.0,0.5161290322580645,0.5124488759611364,56.378156706507326,4.935483870967742,0.0203947368286876,0.4677419354838709,1,0,0.304191809755603
17.32,0.3792207792207792,0.4191288015570221,58.70062337662338,4.501298701298701,0.0221198156580093,0.4831168831168831,1,0,0.45306235067476697
24.375,0.386039886039886,0.3246198270535139,47.03954672029704,5.160968660968661,0.0156529516959631,0.433048433048433,0,1,0.7766840213142224
20.545454545454547,0.5588235294117647,0.3789326198927776,58.20842245989306,4.470588235294118,0.0184049079593296,0.5490196078431373,0,1,0.5515973833904386
17.185185185185187,0.3725490196078431,0.2761481383888616,48.52667910447764,4.848039215686274,0.0175224123807977,0.4828431372549019,0,1,0.8539826492982706
14.5,0.5,0.307043171775297,63.2002868852459,4.43956043956044,0.0194741966704243,0.5274725274725275,1,0,0.36314085220644743
24.642857142857142,0.5563380281690141,0.323406035644311,60.29754349627174,4.619718309859155,0.0231316725841449,0.4753521126760563,0,1,0.5761328538181442
18.55555555555556,0.5510204081632653,0.4171465451895582,55.232708564045765,5.047619047619048,0.0152755046288731,0.4013605442176871,1,0,0.496785677339653
15.541666666666666,0.3874425727411945,0.5023573255332378,60.898993506493525,5.03062787136294,0.0202219482070969,0.450229709035222,1,0,0.26870260404483387
19.714285714285715,0.354054054054054,0.5792268223028659,57.021396396396426,4.8,0.0195899772120319,0.5081081081081081,1,0,0.15982657143677648
13.130434782608695,0.5078740157480315,0.3936917302208775,73.01368494101321,4.381889763779528,0.022531477784936,0.5196850393700787,1,0,0.24199289635591814
21.875,0.4276923076923077,0.4306236381571068,55.25859756097563,4.590769230769231,0.0116156282937615,0.5015384615384615,1,0,0.09157025020069659
15.097560975609756,0.4252669039145907,0.3423964048942983,49.35500000000002,5.270462633451957,0.0136262513866445,0.4163701067615658,0,1,0.631495891666073
21.714285714285715,0.5093632958801498,0.1894234129724477,57.979626865671634,4.861423220973783,0.0179233621644478,0.449438202247191,0,1,0.865815306537758
25.0,0.6067415730337079,0.5003998201118793,65.78565217391306,4.191011235955056,0.0159362549483341,0.5168539325842697,1,0,0.01539492089151964
23.363636363636363,0.5761904761904761,0.2161547675938605,58.93716380393802,4.533333333333333,0.0239616613227143,0.4857142857142857,0,1,0.8019087913047585
28.176470588235293,0.3981693363844393,0.3146796327803348,28.189949082138558,5.2631578947368425,0.0139534883671007,0.4782608695652174,0,1,0.9139917927153012
20.0,0.4528875379939209,0.3641861689908219,63.109678571428574,4.468085106382978,0.0274341043424238,0.4680851063829787,0,1,0.6467057131373192
17.181818181818183,0.238095238095238,0.408402526397798,72.3950021148528,4.168154761904762,0.0207986688794235,0.5476190476190477,1,0,0.18087220991704547
21.3125,0.4774193548387097,0.3232597338764579,56.61750000000001,4.658064516129032,0.0154440154354969,0.4774193548387097,1,0,0.38600187265843117
18.047619047619047,0.4277286135693215,0.4044605943386722,66.68640427599614,4.684365781710914,0.0164752870611705,0.4660766961651917,1,0,0.08649889717347377
16.210526315789473,0.525096525096525,0.4050511483572524,71.81516358463728,4.0926640926640925,0.0236898779442283,0.4980694980694981,1,0,0.45358122098277126
26.785714285714285,0.3219550038789759,0.5110964058288447,36.479071219103474,4.996896819239721,0.0204309063867718,0.4840961986035687,0,1,0.5468385217866002
20.185185185185187,0.4229074889867841,0.3357447050500868,84.50682632304077,3.7863436123348015,0.0245795601446401,0.5594713656387665,0,1,0.6143301939810655
20.4,0.5978260869565217,0.4073054325407334,54.36226086956523,4.760869565217392,0.0119595216081329,0.4673913043478261,1,0,0.0755752194383625
21.352941176470587,0.4378881987577639,0.3407302429505891,64.14237405106971,4.316770186335404,0.0193291642869078,0.5341614906832298,0,1,0.5267004011259073
18.33333333333333,0.4795081967213114,0.4041110828829022,54.558333333333366,4.69672131147541,0.0151202749036974,0.5081967213114754,0,1,0.6684888763976334
19.3,0.3534482758620689,0.3126460945063285,65.2533359598854,4.692528735632184,0.0182625863680836,0.514367816091954,1,0,0.31669293117459774
21.130434782608692,0.3881278538812785,0.2987580490065459,53.35785539814364,4.762557077625571,0.0155126749846717,0.4885844748858447,0,1,0.62889480451607
27.625,0.4125,0.3961020803712333,41.60503472222226,5.0,0.0132105684494753,0.42,1,0,0.3544116019243277
24.2,0.5663716814159292,0.0842813107915621,46.14024778761063,4.778761061946903,0.0089418777810106,0.495575221238938,1,0,0.4702377373591211
15.695652173913045,0.4163934426229508,0.287047963621407,63.84013542409125,4.580327868852459,0.0201342281766587,0.4852459016393443,1,0,0.48769177591369783
18.529411764705884,0.3867595818815331,0.1906877029493139,78.27502152080346,4.278745644599304,0.016763378454698,0.5121951219512195,1,0,0.37496146851767714
22.40909090909091,0.392434988179669,0.4880351303607781,43.87326923076927,4.91725768321513,0.0231343283495767,0.458628841607565,0,1,0.6447162317652452
28.8,0.4906367041198501,0.3570822134952687,53.68001492537316,4.5655430711610485,0.0131578947281855,0.4831460674157303,1,0,0.07176746463477518
26.83333333333333,0.303886925795053,0.4377449935336686,46.7750657894737,4.706713780918728,0.0208955223755847,0.568904593639576,1,0,0.43710222491803696
20.24137931034483,0.419921875,0.2850324832217693,60.03490907958653,4.775390625,0.0198309492783384,0.482421875,0,1,0.7425015559575844
22.677419354838708,0.3697068403908795,0.3875768132131592,47.8724100197075,4.827361563517916,0.0170086393042633,0.4918566775244299,0,1,0.7405220247631892
19.83333333333333,0.5221674876847291,0.3646516447023899,57.436880081300814,4.635467980295567,0.0242474916185221,0.5073891625615764,0,1,0.6885632901399893
10.27027027027027,0.4458398744113029,0.6179504887316345,83.34269474637682,4.0,0.0277449822822476,0.5525902668759811,0,1,0.5113066045045471
20.09090909090909,0.4153846153846154,0.3503209210400611,63.85639512250975,4.661538461538462,0.0171306209776742,0.5307692307692308,1,0,0.18902489636283912
18.51851851851852,0.4583333333333333,0.3073629610038021,67.32350145075954,4.49537037037037,0.0184813177908873,0.4699074074074074,1,0,0.346958893611605
14.710526315789474,0.422360248447205,0.299945091252046,72.15056780956542,4.341614906832298,0.0254395809856193,0.5010351966873706,0,1,0.6165888898872397
17.291666666666668,0.5227272727272727,0.3357535208942941,54.83615384615385,4.8125,0.0247086246971055,0.4829545454545454,0,1,0.6051654812885422
27.130434782608692,0.4205776173285198,0.3288342706661882,53.7940883590463,4.646209386281589,0.0169334975317323,0.5342960288808665,0,1,0.5037000284226444
27.80952380952381,0.4332688588007737,0.2455505633653852,52.43603448275866,4.804642166344294,0.0149396058439479,0.4990328820116054,0,1,0.8139131933299283
27.705882352941178,0.3906976744186046,0.2178885969877576,60.40872549019612,4.332558139534884,0.0149444918808947,0.5255813953488372,0,1,0.6734593050832329
21.705882352941178,0.4018126888217522,0.3889242791207836,62.60044961791365,4.419939577039275,0.0190320826432669,0.43202416918429,1,0,0.26009191493775824
9.790697674418604,0.4289772727272727,0.411838359274229,91.40949002217296,3.840909090909091,0.0293791574116523,0.5795454545454546,0,1,0.7224413205755493
21.818181818181817,0.5129411764705882,0.4202140465579713,48.5264868309261,4.969411764705883,0.0174374526090077,0.4870588235294117,0,1,0.6774739609625857
23.727272727272727,0.4225941422594142,0.2969781081745027,67.26215290985165,4.121338912133891,0.0127287191625069,0.502092050209205,1,0,0.04550431831400641
17.642857142857142,0.4866071428571428,0.3620483479714709,51.94557522123896,4.848214285714286,0.0126300148494576,0.4598214285714285,1,0,0.2731496543647523
17.91304347826087,0.4314285714285714,0.3148985210658952,75.5629911548524,4.222857142857142,0.0257352941041306,0.5085714285714286,0,1,0.8185102197631925
18.61904761904762,0.4889589905362776,0.5088421257326076,66.67163356504471,4.394321766561514,0.0260869565075614,0.4794952681388013,1,0,0.4329916399820757
25.22222222222222,0.5072463768115942,0.4068157153461679,47.93587606837608,5.0144927536231885,0.014018691577867,0.4154589371980676,1,0,0.3481790714611265
29.0,0.6057692307692307,0.4718597141911825,57.52413700107877,4.389423076923077,0.0163793103307074,0.5288461538461539,1,0,0.12049018361899383
22.526315789473685,0.4423592493297587,0.5060231797488568,47.796705613577046,4.737265415549598,0.019651630183273,0.4879356568364611,1,0,0.42116474172649293
19.625,0.4346289752650176,0.3995514341008745,57.64087517934004,4.554770318021202,0.0153940886604716,0.519434628975265,1,0,0.4471188062733225
20.695652173913043,0.5107398568019093,0.4073788696735161,41.381365156582575,4.968973747016706,0.0153491941614162,0.4248210023866348,0,1,0.5945417987747239
25.966666666666665,0.2478753541076487,0.2624179357903308,60.24271765816809,4.412181303116148,0.0179441168885044,0.5056657223796034,0,1,0.6142602064650385
19.956521739130437,0.3220338983050847,0.3062222910749458,61.60670912727659,4.675544794188862,0.0162839248366246,0.6077481840193705,1,0,0.2955934078694362
18.3,0.4876543209876543,0.4161983165865316,70.1377392638037,4.185185185185185,0.0225303292764122,0.5092592592592593,1,0,0.29070726268516006
19.0,0.5714285714285714,0.3320380940103635,59.997071428571445,4.548571428571429,0.0151668351717221,0.56,1,0,0.33955545666974013
21.210526315789476,0.447887323943662,0.4002197361700517,56.40193672383208,4.726760563380282,0.0199524940522791,0.4563380281690141,1,0,0.2833245719117487
20.52380952380953,0.5050761421319797,0.3999881371608554,50.11318181818186,5.063451776649746,0.0125658694720041,0.3756345177664975,1,0,0.39528707060067003
26.625,0.5473684210526316,0.1489824512365504,68.42668269230772,4.368421052631579,0.0170709793197924,0.5684210526315789,0,1,0.6000294612645037
19.0,0.5,0.3675846620526838,75.38274897807507,4.248299319727892,0.0252152521370139,0.5102040816326531,0,1,0.7796873949140823
17.0,0.4461538461538462,0.3683979043698475,80.02993212669683,4.065384615384615,0.0215982721226794,0.5692307692307692,1,0,0.30116808922769156
23.695652173913043,0.3524590163934426,0.3034132218169743,60.724927147239285,4.362704918032787,0.0174009625999996,0.5348360655737705,0,1,0.6100490461606666
17.956521739130434,0.4972677595628415,0.2690812292145184,54.68944183313749,4.85792349726776,0.0175596578038902,0.4562841530054645,0,1,0.8046246684939728
19.22222222222222,0.4224719101123595,0.3266790847610832,70.98547352721853,4.292134831460674,0.0220972277934523,0.5595505617977528,0,1,0.5602746115307454
19.235294117647054,0.4693877551020408,0.421042150086389,51.5679860365199,5.13265306122449,0.0146182999379435,0.3843537414965986,0,1,0.5939849981749626
21.75,0.4533333333333333,0.4147816863191817,56.49911904761905,4.565333333333333,0.0232558139428838,0.44,1,0,0.3362812905163567
19.291666666666668,0.5523114355231143,0.2674612540933463,52.90920869565218,4.8345498783454985,0.0170316301634097,0.3795620437956204,0,1,0.6617483914153438
20.17391304347826,0.435,0.3015701428051317,60.99584421188911,4.705,0.020185029428013,0.475,0,1,0.7200105623038595
25.05555555555556,0.4227848101265822,0.5117149425035807,49.55838691483365,4.751898734177215,0.0149700598738365,0.4810126582278481,1,0,0.17098479923039855
30.55555555555556,0.4124513618677042,0.276028495902316,46.50714223951579,4.657587548638133,0.0122033898222349,0.5447470817120622,1,0,0.3984692111774574
18.0,0.5,0.2328793640641815,62.40891921397383,4.386956521739131,0.0150197628339764,0.5217391304347826,1,0,0.4289450517891139
18.142857142857142,0.4285714285714285,0.3785537445005643,61.34089147286824,4.568513119533527,0.0168367346852873,0.5247813411078717,1,0,0.24029567373855126
19.357142857142858,0.4312896405919662,0.4623160978368712,50.6775462962963,4.94291754756871,0.0152477763611029,0.4820295983086681,0,1,0.5765189010556308
21.55555555555556,0.3959537572254335,0.3909718028683482,59.096149425287365,4.543352601156069,0.0185742971794305,0.5057803468208093,1,0,0.26875921387733803
19.695652173913043,0.3885350318471338,0.3896856716843647,66.76090469499093,4.405095541401274,0.0232295895301692,0.5006369426751592,0,1,0.5268157810153018
22.25,0.4568965517241379,0.3935793056399636,59.15791666666668,4.443965517241379,0.0190114068296491,0.5431034482758621,1,0,0.3761191358929819
24.923076923076923,0.4567474048442906,0.3576519840910246,50.16298565840941,4.892733564013841,0.0152339499373047,0.5155709342560554,0,1,0.6696675247859614
19.88888888888889,0.4311926605504587,0.2381356470875608,52.05271406727832,5.064220183486238,0.0148588410030416,0.4862385321100917,0,1,0.8679766667862722
21.36842105263158,0.6096866096866097,0.4142033896718198,57.2853349282297,4.763532763532764,0.0209523809424036,0.4131054131054131,1,0,0.16772835383407977
28.3,0.5019607843137255,0.2682022931256564,58.86308823529414,4.376470588235295,0.0134370579820105,0.6196078431372549,1,0,0.34983954358951197
23.352941176470587,0.4039829302987198,0.3993932756752722,50.45144303797471,4.842105263157895,0.0181818181775249,0.492176386913229,0,1,0.6413818854126637
27.09090909090909,0.3659491193737769,0.2992415568683714,33.97038725241242,5.409001956947162,0.011930010601291,0.4305283757338551,0,1,0.9483462677407988
25.11764705882353,0.4615384615384615,0.4309387866937333,46.67593174674451,4.994871794871795,0.0128898128844533,0.4564102564102564,1,0,0.21889861387460277
20.866666666666667,0.487719298245614,0.3772944980398041,50.218815789473695,4.971929824561403,0.0149855907694607,0.4666666666666667,0,1,0.5969588697425066
24.22222222222222,0.5670103092783505,0.4015792243061657,50.35102564102567,4.546391752577319,0.0132625994577695,0.5412371134020618,1,0,0.42004696620392185
24.38888888888889,0.3905013192612137,0.5593866826041165,49.73277777777778,4.762532981530343,0.0159857904014272,0.4749340369393139,1,0,0.19717716842602473
18.289473684210527,0.4694915254237288,0.4354104948487161,59.0139982911364,4.5864406779661016,0.0253128555104343,0.4627118644067796,0,1,0.6009486421253538
16.25,0.4138817480719794,0.3432724801681752,76.0387436061381,4.254498714652956,0.0261927034489276,0.5347043701799485,0,1,0.8318359817595569
17.333333333333332,0.371841155234657,0.3850958315233325,74.48688405797104,4.0577617328519855,0.0229007633428863,0.5234657039711191,0,1,0.5211581140640876
21.933333333333334,0.3790849673202614,0.3026415409225833,51.03201737242131,4.69281045751634,0.0118510157946664,0.5032679738562091,1,0,0.3277018758182902
18.75,0.4684014869888476,0.266999777686689,68.37402997211899,4.553903345724907,0.0189542483536246,0.5018587360594795,1,0,0.47986932275729194
24.0,0.4484536082474227,0.4450949914255438,47.80817296678123,4.899484536082475,0.0158052114413476,0.4690721649484536,1,0,0.37861278665570336
19.61904761904762,0.49002849002849,0.3629756600217284,63.09051282051283,4.703703703703703,0.0185891324982892,0.4729344729344729,1,0,0.20503620486275986
21.541666666666668,0.3590308370044053,0.4344373031085566,50.04459751702046,4.746696035242291,0.0170940170876648,0.4933920704845815,0,1,0.6888192629428673
20.115384615384617,0.4076576576576576,0.3585735900477607,51.15155522779418,5.004504504504505,0.0163992869816758,0.4324324324324324,0,1,0.6218689372653197
18.9375,0.4172932330827067,0.3731416632407962,72.54179834905663,4.157894736842105,0.0196491227932286,0.518796992481203,1,0,0.3034567052578335
21.2,0.4540389972144846,0.3452108226510364,60.6596868203567,4.637883008356546,0.0199535962784438,0.4484679665738161,1,0,0.37444374963840454
20.6,0.5511363636363636,0.3392505701267906,51.13242178770952,4.8125,0.0188146754291489,0.4488636363636363,0,1,0.6756412553357095
21.625,0.4273504273504273,0.4747514668615364,34.958937101910834,5.134615384615385,0.0149914821073282,0.4337606837606838,0,1,0.9670580687729449
18.214285714285715,0.3636363636363636,0.4130325724592039,74.58203305931231,4.016746411483253,0.0270635994465207,0.5574162679425837,0,1,0.7764702166613284
14.5625,0.4976303317535545,0.4390077244319905,54.91360849056608,4.800947867298579,0.0151273885229877,0.4644549763033175,1,0,0.28840919691733224
19.95,0.5382436260623229,0.3001141794232069,58.1457711864407,4.898016997167139,0.0177653108846351,0.4390934844192634,0,1,0.5081068742004254
22.923076923076923,0.4429906542056074,0.3968679285820587,47.0916666666667,4.721495327102804,0.0134249141387995,0.4878504672897196,0,1,0.6877509118158596
17.941176470588236,0.3873370577281191,0.2686524496242436,49.66269820971869,5.247672253258846,0.0141573645482827,0.4543761638733706,0,1,0.7503837472962221
16.923076923076923,0.4140845070422535,0.4532709136637336,81.81562062937064,3.895774647887324,0.0223761321138113,0.5746478873239437,1,0,0.33072174139717603
22.714285714285715,0.4447115384615384,0.2945921487570844,47.46782020684171,4.963942307692308,0.0146888287535025,0.4471153846153846,0,1,0.8153617505711445
18.9,0.4376811594202898,0.3261165352580664,52.494945652173925,5.127536231884058,0.0143985136951237,0.4260869565217391,0,1,0.6255440726988449
19.59090909090909,0.3711340206185567,0.3306813804353737,58.981513589503294,4.451030927835052,0.0175600739290387,0.4974226804123711,0,1,0.5499508333889394
23.1875,0.4908536585365853,0.3788092856062086,50.55939393939397,4.743902439024391,0.0152361604798191,0.5091463414634146,0,1,0.739397891305531
21.285714285714285,0.5318352059925093,0.3333483316732366,60.4190730337079,4.782771535580524,0.0162094762991212,0.4868913857677903,1,0,0.28298104287315834
18.428571428571427,0.4281609195402299,0.3558581236732897,60.2789875835721,4.597701149425287,0.0180180180089999,0.5316091954022989,1,0,0.42412016255617546
23.6875,0.3542274052478134,0.3331545851345209,56.819377733236166,4.478134110787172,0.0179734305761986,0.5335276967930029,0,1,0.6208300721123743
17.681818181818183,0.43125,0.3496238270672817,67.08660939073518,4.553125,0.0247167868049862,0.49375,0,1,0.6617187418262557
18.511111111111116,0.3682065217391304,0.5545074755504982,57.53769527007012,4.801630434782608,0.0190952489158683,0.40625,1,0,0.27809554530230574
27.352941176470587,0.4497487437185929,0.5180787357123502,40.78099648814751,4.947236180904523,0.0168201842143291,0.4597989949748743,1,0,0.4232170360160962
19.91304347826087,0.4132029339853301,0.3038152770059706,58.5400583244963,4.721271393643032,0.0176157312504646,0.5330073349633252,0,1,0.7521170320351015
19.53846153846154,0.3806306306306306,0.3685888736910589,53.489824669603536,4.677927927927928,0.0205245153855855,0.5022522522522522,0,1,0.8711987793196122
24.705882352941178,0.328,0.3517046134346543,68.9380941176471,4.282666666666667,0.0216535432964303,0.5573333333333333,1,0,0.3472308832298742
20.025641025641026,0.4624277456647399,0.3112317460364714,53.508906105884535,5.161849710982659,0.0186958504289339,0.3945086705202312,0,1,0.754346253544745
20.954545454545453,0.3851851851851852,0.4030097704327784,79.04546204620463,3.928395061728395,0.0197495182949183,0.5604938271604938,1,0,0.18550767812667987
25.11111111111111,0.4217171717171717,0.3865291665853155,53.93733709273184,4.777777777777778,0.0201257861550835,0.4343434343434343,1,0,0.26598488786239
23.181818181818183,0.4680851063829787,0.4095739866974956,57.71090909090911,4.680851063829787,0.0132743362733965,0.5276595744680851,1,0,0.09026657849452208
33.0,0.6666666666666666,0.4220723592458109,38.62530303030303,4.609195402298851,0.0194552528804372,0.4712643678160919,1,0,0.40872949256034996
23.4,0.4489164086687306,0.4119149583951514,44.9002065439673,4.851393188854489,0.0113577697411679,0.4829721362229102,1,0,0.2449691573458404
16.647058823529413,0.5,0.3748248709448273,71.01557777261105,4.357142857142857,0.0185979971254663,0.5238095238095238,1,0,0.09124418486015791
19.307692307692307,0.5022222222222222,0.2780864934316182,64.05969230769234,4.653333333333333,0.0167938931169512,0.5111111111111111,1,0,0.3616541918464369
21.952380952380956,0.3905852417302799,0.3740529000898214,46.49053921568628,5.020356234096692,0.0169868554060693,0.4262086513994911,0,1,0.7224797698020194
21.785714285714285,0.5406360424028268,0.2154225513048691,60.23866197183101,4.431095406360424,0.0120481927634443,0.4982332155477031,1,0,0.17233619876843742
20.428571428571427,0.5238095238095238,0.2906097026300167,75.76500000000001,4.099206349206349,0.0202854996091018,0.4880952380952381,1,0,0.3053055656423313
22.384615384615383,0.4253731343283582,0.2801056077246956,57.74769804822046,4.888059701492537,0.0143302180596073,0.4925373134328358,1,0,0.4946926813424276
21.071428571428573,0.4249084249084249,0.3019994510717871,58.12821428571431,4.56043956043956,0.0142487046539839,0.4908424908424908,1,0,0.22716111842433515
22.9375,0.4171597633136095,0.452668829269949,49.81995298672567,4.674556213017752,0.0127616130613774,0.4970414201183432,1,0,0.2893493779845285
21.51851851851852,0.4493307839388145,0.4022312794580039,44.48746031746032,5.244741873804971,0.0166964818077828,0.4302103250478011,0,1,0.900251371315689
19.714285714285715,0.4478527607361963,0.5243827016411186,67.47601923076924,4.4079754601227,0.0248021108048537,0.4938650306748466,1,0,0.3183905487714897
10.76923076923077,0.4831932773109244,0.3916865313678276,84.04166852856689,4.03781512605042,0.027799841121684,0.5210084033613446,0,1,0.6283642633555896
24.157894736842103,0.3744075829383886,0.2552648001677195,56.28683217477658,4.656398104265403,0.0139287177329255,0.4644549763033175,1,0,0.40416869799805916
20.25,0.6084905660377359,0.2765174748605747,47.997718068535846,4.938679245283019,0.0205792682769975,0.4622641509433962,0,1,0.931700509357875
28.916666666666668,0.445859872611465,0.2932550919886468,45.17672894928418,4.945859872611465,0.0144927536156869,0.4490445859872611,1,0,0.47323426210752073
15.16,0.4626865671641791,0.4618092370753247,60.604432047477786,4.713432835820895,0.019230769221037,0.4746268656716418,1,0,0.19882630423385658
19.517241379310345,0.3577075098814229,0.2398015221887785,64.00639534883723,4.598814229249012,0.0160392798638169,0.5335968379446641,0,1,0.5001686075449844
16.958333333333332,0.4272997032640949,0.3769957605819094,72.46868146045675,4.264094955489615,0.0227032734832612,0.5103857566765578,1,0,0.42861318585859975
18.193548387096776,0.50418410041841,0.4741440819686281,69.63846050239074,4.355648535564853,0.0289256198238446,0.4686192468619247,0,1,0.6258875808313668
23.05263157894737,0.4235588972431077,0.3485905727139671,55.51346818538886,4.839598997493734,0.014184397157203,0.4736842105263157,1,0,0.16947377011578
20.83333333333333,0.4756097560975609,0.2998666226302631,65.36876984126985,4.371951219512195,0.0243111831311122,0.5274390243902439,0,1,0.7498024858685558
21.428571428571427,0.4190231362467866,0.4224794340910893,67.16293877551021,4.29305912596401,0.0193726937180015,0.609254498714653,1,0,0.24491261398177736
27.23076923076923,0.4698412698412698,0.4355048956588996,43.92648351648356,4.898412698412699,0.0173319327640063,0.492063492063492,1,0,0.436942112211476
21.5,0.5974025974025974,0.2731939436763451,52.70534090909095,4.785714285714286,0.0142387732593222,0.448051948051948,0,1,0.7165138895221612
22.25,0.5723270440251572,0.4717763108239189,55.80180124223604,4.465408805031447,0.0162866449334564,0.5660377358490566,0,1,0.516169815745373
29.83333333333333,0.4674922600619195,0.346683932158085,50.594598623853216,4.743034055727554,0.0149948293614297,0.4613003095975232,1,0,0.2233914532953377
18.695652173913043,0.4386422976501306,0.2159412099455933,54.65884732052581,4.765013054830288,0.0156182212513586,0.4986945169712793,0,1,0.8691425695705358
21.541666666666668,0.5333333333333333,0.429029914208761,33.30732608695655,5.586666666666667,0.0214000725348567,0.3306666666666666,0,1,0.9769848455354077
23.88888888888889,0.5177664974619289,0.2476061599459033,51.06143260011285,4.852791878172589,0.0153321976019316,0.4619289340101523,0,1,0.8934010181697025
17.38888888888889,0.4671532846715328,0.4528746689761365,58.26552726581798,4.642335766423358,0.0199376946916276,0.4781021897810219,1,0,0.42104515756610944
19.157894736842103,0.4146341463414634,0.1895405209927787,59.317772785622594,4.713414634146342,0.0171964564787928,0.4756097560975609,0,1,0.8074934161410655
37.06666666666667,0.374,0.3168429692732478,36.99986826347308,4.578,0.0167597765304609,0.506,1,0,0.22054360192194536
21.84210526315789,0.3850574712643678,0.3828368768231191,70.90620300751881,4.35632183908046,0.0222672064664639,0.5287356321839081,1,0,0.4035637833080671
22.68421052631579,0.2904884318766066,0.2675969643529099,52.90834028139656,4.691516709511568,0.0108216432822358,0.5758354755784062,1,0,0.31197948957543586
15.333333333333334,0.6495726495726496,0.6048011667844263,53.923688524590176,4.888888888888889,0.0218579234674072,0.4871794871794871,1,0,0.25507298285511976
27.5,0.5275862068965518,0.4559976635631559,44.12846649484538,4.86551724137931,0.0210706150221693,0.4862068965517241,1,0,0.4177895308858757
22.93548387096774,0.2643856920684292,0.3845813876925156,52.93770286515729,4.684292379471229,0.0171214553191221,0.4992223950233281,0,1,0.5070164384843246
22.58620689655172,0.3608617594254937,0.3710708765261823,49.125498220640594,4.971274685816876,0.0193865740684645,0.473967684021544,0,1,0.786052939510737
18.764705882352946,0.4444444444444444,0.4672844414102732,52.00775659824049,4.835125448028674,0.0178890876511958,0.4587813620071684,0,1,0.5492255434567338
13.772727272727272,0.28125,0.4350555772525876,87.29127840909092,3.828125,0.0300230946651092,0.6015625,0,1,0.7775239983132193
24.0,0.4236311239193083,0.3593372414997053,63.01966666666668,4.270893371757925,0.0172413793013367,0.547550432276657,1,0,0.29071576796484655
26.33333333333333,0.3204545454545454,0.4876293557674479,49.740252525252544,4.75,0.0123695400029495,0.5227272727272727,1,0,0.09692460681189684
17.93548387096774,0.4330543933054393,0.3760068136710305,69.15775515600212,4.453974895397489,0.0246686303296507,0.5104602510460251,0,1,0.6565859846540969
25.72222222222222,0.4422604422604422,0.4180758133485994,68.16433604336045,4.218673218673219,0.0209185993538341,0.542997542997543,1,0,0.20578494927255134
20.82758620689655,0.3782771535580524,0.3661074686345811,57.42447513812158,4.597378277153558,0.0187338501231479,0.5037453183520599,0,1,0.5954472559307808
36.09090909090909,0.4450867052023121,0.4585628181084911,61.93509562483625,4.138728323699422,0.0204520990202087,0.5722543352601156,1,0,0.10456257373314176
14.476190476190476,0.5,0.4515334056638241,83.7396055979644,3.900763358778626,0.0308502633326935,0.5763358778625954,0,1,0.7637633623448821
26.4375,0.4173441734417344,0.645658437770412,56.159407674262766,4.642276422764228,0.0195167286154662,0.4471544715447154,1,0,0.09109615285619718
17.647058823529413,0.5,0.381342635619253,74.98233099209835,4.376865671641791,0.0181940700686023,0.4962686567164179,1,0,0.1268535883225332
18.176470588235293,0.4629294755877034,0.3972812995521332,59.47959062003181,4.647377938517179,0.0189853719206394,0.5081374321880651,0,1,0.5880873636637829
10.586206896551724,0.3842794759825327,0.4523584056439048,92.75259893048128,3.7882096069869,0.0337535583433291,0.4956331877729257,0,1,0.8686746212010117
22.17391304347826,0.3722943722943723,0.3210061890442445,50.70675412293855,4.9004329004329,0.0159857904028469,0.5043290043290043,0,1,0.7912722793416969
14.037037037037036,0.4228395061728395,0.3971129369898264,86.11980769230772,3.990740740740741,0.0270270270111474,0.5895061728395061,0,1,0.5394671538586253
25.25,0.3805555555555555,0.401081748482487,58.24877200704228,4.416666666666667,0.0173956262338987,0.5611111111111111,1,0,0.2969921006421046
21.9,0.3530166880616174,0.2847572806534367,50.99251691729327,4.955070603337612,0.0149342891248637,0.5019255455712451,0,1,0.8325378722505629
17.75,0.4408945686900958,0.3575911627382899,61.752805910543145,4.670926517571885,0.0185690879199513,0.4696485623003195,1,0,0.31354962346845294
23.12,0.4619883040935672,0.3093259036700023,53.22263757115752,5.052631578947368,0.0143730886806198,0.3762183235867446,0,1,0.6102112699123022
23.894736842105264,0.4389027431421446,0.4340492483284623,50.17974143588398,4.723192019950124,0.0207979626397292,0.4738154613466334,1,0,0.3832088523293172
18.63157894736842,0.4426751592356688,0.3859422686664556,50.471035976016026,4.773885350318471,0.0169581345962066,0.4617834394904458,0,1,0.7989894685253729
26.90909090909091,0.3223350253807107,0.2610767347081167,62.54572666208689,4.550761421319797,0.0192605711712949,0.4936548223350254,0,1,0.5870311835763229
19.363636363636363,0.7219251336898396,0.269942831345019,58.19499254843521,4.711229946524064,0.0176056337873189,0.4064171122994652,0,1,0.6660310313742518
19.310344827586206,0.456,0.3235741711850416,56.69560636182905,4.786,0.0166722240691323,0.498,0,1,0.5449304372064476
22.875,0.43202416918429,0.2861948372193185,42.25392857142859,5.075528700906345,0.0114340161927422,0.5015105740181269,0,1,0.8039202682695458
22.4,0.5703324808184144,0.3302967944169987,52.85283458021616,4.588235294117647,0.016574585628315,0.4705882352941176,0,1,0.6001501913628812
19.125,0.3325123152709359,0.2554042177903666,71.84737741694265,4.300492610837439,0.0155417406680542,0.5714285714285714,1,0,0.11622742779829168
22.72222222222222,0.4601063829787234,0.3544557574285247,42.60345279976548,5.292553191489362,0.0111478117212436,0.4335106382978723,0,1,0.6731005307370485
22.55,0.4020100502512563,0.2926409166171457,59.1556748120301,4.577889447236181,0.0176041219331884,0.457286432160804,0,1,0.5641381432378568
25.6875,0.4287671232876712,0.2811350922796622,45.39926977040818,5.0479452054794525,0.0172109443916127,0.4493150684931506,0,1,0.8390087206819272
23.2,0.5812807881773399,0.3359857660334596,51.772326086956525,4.645320197044335,0.0157284768081717,0.4729064039408867,0,1,0.5949764412188121
22.666666666666668,0.4743801652892562,0.3208444598049713,52.6677154551071,4.813223140495868,0.0196241017082299,0.4644628099173554,0,1,0.8147429243337634
16.38095238095238,0.2840909090909091,0.4090685195213847,45.82106060606063,5.165584415584416,0.017980991518628,0.4594155844155844,0,1,0.6706651666952365
28.916666666666668,0.3796296296296296,0.2523383400455645,55.14111111111112,4.484567901234568,0.0116279069703056,0.5308641975308642,1,0,0.26278928352612707
19.695652173913043,0.3469387755102041,0.2935567216936638,77.95882874889088,4.323979591836735,0.0196886446796297,0.5127551020408163,1,0,0.46190003844797844
14.38095238095238,0.4903474903474903,0.4776712105424207,80.31898326898327,4.154440154440154,0.0281182407872254,0.528957528957529,0,1,0.7222644458110706
15.357142857142858,0.6387434554973822,0.2290431897784924,47.28413043478264,5.115183246073299,0.0176470588086999,0.4293193717277487,0,1,0.945885823257258
17.12,0.4105263157894737,0.3713850792176364,57.38278947368423,4.957894736842105,0.0190064794734313,0.4263157894736842,0,1,0.6051497947437865
33.26923076923077,0.4217335058214748,0.3956612445679311,29.433401856763936,5.175937904269081,0.0160933413767665,0.425614489003881,0,1,0.6346212871972118
21.28125,0.3011647254575707,0.2797848056901927,58.029681270764144,4.94675540765391,0.0151433207098044,0.480865224625624,0,1,0.5129116108388019
18.45833333333333,0.387012987012987,0.4378941364888783,69.08969127806566,4.233766233766234,0.0212967344906309,0.548051948051948,1,0,0.16372513295610272
26.11111111111111,0.3765281173594132,0.4156076620255303,65.86974395544689,4.264058679706602,0.0169415960691299,0.5501222493887531,1,0,0.027525553697601565
20.13636363636364,0.4473684210526316,0.4618280438133036,67.57515569076595,4.392105263157895,0.0258215962320086,0.5105263157894737,1,0,0.43283295929163385
20.0,0.3722627737226277,0.2999999850000007,73.86830941325456,4.2822384428223845,0.0169114374646589,0.537712895377129,1,0,0.10688678381489398
23.266666666666666,0.4528301886792453,0.2760845605223462,36.86794339622642,5.150943396226415,0.0130065032451193,0.4465408805031446,0,1,0.8630637898408694
19.36842105263158,0.45565749235474,0.4000014561881247,58.71696172248807,4.914373088685015,0.017111222940558,0.4801223241590214,1,0,0.2694446677033996
16.3125,0.4403669724770642,0.5498984997637826,73.09094610091745,4.128440366972477,0.0235888795083497,0.5045871559633027,1,0,0.23693882015171241
16.047619047619047,0.4463087248322148,0.2855456611077044,63.544418344519045,4.328859060402684,0.0182704019377159,0.4697986577181208,1,0,0.38629629660831344
32.625,0.5338983050847458,0.6409241197352192,45.54116370292888,4.830508474576271,0.0127840909000112,0.4703389830508475,1,0,0.1062578321586765
18.8,0.48125,0.3211814539680189,63.77602570093458,4.50625,0.0254742547287402,0.5125,0,1,0.7840362860765734
18.05555555555556,0.4982332155477031,0.3619931473651731,71.3009727129957,4.208480565371024,0.0235910877958118,0.5265017667844523,1,0,0.4619411057671322
24.18421052631579,0.3768292682926829,0.3387050777014649,49.23607551487416,4.979268292682927,0.0167059748394838,0.4597560975609756,0,1,0.6282766949527214
17.0,0.6440677966101694,0.4812148303772423,45.272252747252764,5.350282485875706,0.0251827782086248,0.3559322033898305,0,1,0.8413665325753141
20.8,0.4190064794816415,0.2919658792456592,50.7401376623377,5.187904967602592,0.0190930787524401,0.4449244060475162,0,1,0.9550019334933546
23.444444444444443,0.3973333333333333,0.3347192953533869,52.753000000000014,4.818666666666667,0.0168365086323276,0.44,0,1,0.6043973307536358
25.04,0.4592592592592592,0.3569277684244822,49.86363278688526,4.751851851851852,0.0210399759479891,0.4814814814814814,0,1,0.6544865407984443
19.695652173913043,0.3086734693877551,0.3499853452785615,80.33280834072762,4.125,0.0194497153607923,0.5612244897959183,1,0,0.1736578695859584
23.214285714285715,0.4183673469387755,0.3560333585392933,53.21993288590608,4.629251700680272,0.0128956623605535,0.5034013605442177,1,0,0.2732138290827777
15.074074074074074,0.4517045454545454,0.342062020409415,73.63740598885796,4.247159090909091,0.0238095237972,0.4630681818181818,0,1,0.5872968165097628
23.72222222222222,0.4946524064171123,0.2983444661925087,48.63036572852536,4.820855614973262,0.0131636682697833,0.4572192513368984,0,1,0.583113919546892
18.869565217391305,0.4680851063829787,0.4153221591640275,62.3627272727273,4.401595744680851,0.0193396226323869,0.476063829787234,1,0,0.16614616165832816
18.133333333333333,0.4574898785425101,0.2497836296290355,61.33752766531717,4.603238866396761,0.016220028197306,0.5060728744939271,1,0,0.49798503326712734
16.61904761904762,0.5214521452145214,0.4618071840839408,75.31759562841532,4.214521452145214,0.0265220011895587,0.5544554455445545,0,1,0.6158613179097838
16.833333333333332,0.478494623655914,0.4100253071440146,51.92185483870969,4.752688172043011,0.0147058823394247,0.5,0,1,0.7060772799484447
16.2,0.4563279857397504,0.4515464519508757,79.42350000000002,4.112299465240642,0.0237458193900515,0.5080213903743316,1,0,0.4831097582106855
27.33333333333333,0.4883040935672514,0.4594179218445581,44.51629543245872,4.880116959064328,0.01715919922919,0.4502923976608187,1,0,0.31505713232868543
34.0,0.5121042830540037,0.3069112820025805,12.064792166267011,5.417132216014897,0.0118502558546053,0.4432029795158286,0,1,0.8198769944880706
16.76271186440678,0.3761904761904762,0.421452458569572,75.48759098939932,4.263095238095239,0.0240527884154847,0.525,0,1,0.503963426042167
24.2,0.4369369369369369,0.3068998985186346,54.35335135135136,4.743243243243243,0.0138355111346383,0.4729729729729729,1,0,0.33839996690815854
22.58333333333333,0.4203821656050955,0.3022002665505577,49.783510964912296,4.946921443736731,0.0184678522508659,0.4203821656050955,0,1,0.7599305001421156
15.11111111111111,0.5579399141630901,0.3549269878694543,64.73713352007474,4.613733905579399,0.0226442658709683,0.4849785407725321,1,0,0.20999928305456889
19.153846153846157,0.4140969162995594,0.3332607285562631,62.71295986622076,4.788546255506608,0.013868613128563,0.4493392070484581,1,0,0.08372584560679557
20.058823529411764,0.3682539682539683,0.3322206448188981,65.61920699925541,4.628571428571429,0.0126791620657777,0.5523809523809524,1,0,0.04183143804281016
19.68421052631579,0.4760479041916167,0.3414093879928357,53.52231297829144,4.799401197604791,0.016881827201151,0.4910179640718562,0,1,0.7247104234886358
18.214285714285715,0.5283842794759825,0.4248526661639992,49.78971030042919,4.777292576419214,0.0131482834089493,0.4934497816593886,1,0,0.48246582746595
24.3125,0.4576271186440678,0.3365842526988083,48.47806778169016,4.97457627118644,0.0152354570566779,0.4774011299435028,0,1,0.6816936123307187
21.0625,0.4900662251655629,0.4972340911897356,46.735526315789485,4.867549668874172,0.0153846153761622,0.4602649006622517,1,0,0.4144676031367582
27.0,0.4584717607973422,0.3770993526827712,52.7706064356436,4.6245847176079735,0.0120828538480535,0.4352159468438538,1,0,0.05848596750122862
26.5,0.3760504201680672,0.318527214699617,53.83856958762888,4.445378151260504,0.0148174918630945,0.5504201680672269,0,1,0.5222415028552142
25.529411764705884,0.4829396325459317,0.3798000981947341,45.89014154184417,4.94750656167979,0.0182745431286551,0.4514435695538057,0,1,0.5922505477621242
28.785714285714285,0.4157608695652174,0.2927724152654985,53.75567073170734,4.448369565217392,0.0135527589479415,0.5625,1,0,0.3531884623279646
21.352941176470587,0.3374233128834356,0.3326838222037996,70.07272284373873,4.530674846625767,0.0200650759110276,0.5061349693251533,1,0,0.41332354805140614
15.625,0.4046511627906977,0.4761848075860325,96.39779796511633,3.395348837209302,0.0178217821605724,0.5627906976744186,1,0,0.03149998048544041
20.966666666666665,0.3431734317343173,0.8153322836423158,57.27689344262296,5.11070110701107,0.0177119628287712,0.4446494464944649,0,1,0.5244010687820506
28.0,0.3035413153456998,0.3710042833692077,45.52126909518216,4.630691399662732,0.0138275963478,0.5160202360876898,0,1,0.5668509017798361
20.545454545454547,0.5902439024390244,0.2748353875658799,57.19727472089315,5.126829268292683,0.0127150336479319,0.3658536585365853,0,1,0.5260721393405947
18.61111111111111,0.3752886836027713,0.4136779050171668,55.98739642184557,4.741339491916859,0.0196708908606637,0.4976905311778291,0,1,0.6951067846681498
20.73333333333333,0.4839857651245551,0.3325138044329679,61.45300000000002,4.608540925266904,0.0147601475923984,0.501779359430605,1,0,0.09680394484300119
28.6875,0.3879518072289156,0.4238410622642004,46.371570030120495,4.773493975903614,0.0163065633851175,0.4867469879518072,1,0,0.11842778719723969
21.130434782608692,0.3846153846153846,0.2987580490065459,52.5974059599414,4.789592760180995,0.0156787762846352,0.4841628959276018,0,1,0.7257993900494158
18.347826086956523,0.4277777777777777,0.3822297444270069,65.74043754721734,4.580555555555556,0.0233555767286198,0.4722222222222222,1,0,0.49262944356363886
14.846153846153848,0.5294117647058824,0.2743668684597182,51.51266340595822,4.852941176470588,0.0130841121373045,0.5058823529411764,0,1,0.5356990566071415
13.448275862068966,0.477124183006536,0.4459769432734456,69.1805074555075,4.503267973856209,0.0256690333011092,0.4967320261437908,1,0,0.39457595964091946
16.5,0.5266272189349113,0.3632152223579704,65.55583333333335,4.609467455621302,0.0247770069130059,0.4674556213017751,0,1,0.521628065659015
17.529411764705884,0.437125748502994,0.4948611822871984,78.74095191969003,4.099800399201597,0.0268957788468824,0.564870259481038,0,1,0.7543783894509427
15.071428571428571,0.4164383561643835,0.3235616693124634,72.4170947176685,4.435616438356164,0.0232445520468549,0.4821917808219178,1,0,0.48522194357137577
18.68421052631579,0.3215434083601286,0.3154677889542673,74.33809443222206,4.389067524115756,0.0225043277423518,0.5755627009646302,1,0,0.4921901244997076
28.30434782608696,0.3316912972085385,0.2537957883181285,45.349713000642566,5.06568144499179,0.0106581401517031,0.5254515599343186,0,1,0.5979151091690805
22.84210526315789,0.4378378378378378,0.6245217056140943,50.96559422750428,4.964864864864865,0.0260869565103969,0.4378378378378378,1,0,0.25395076702648806
23.13636363636364,0.3215077605321508,0.290613498026356,66.16186807095346,4.321507760532151,0.0169628432887872,0.4767184035476718,1,0,0.43508734216357975
22.944444444444443,0.3584415584415584,0.2910911023473053,54.37982323232328,4.542857142857143,0.0129032258005054,0.509090909090909,1,0,0.4093406230652749
17.384615384615383,0.3929471032745592,0.3312383397466955,52.51213286713289,4.916876574307305,0.0222956234424873,0.4962216624685138,0,1,0.8923041892986421
18.45833333333333,0.418848167539267,0.3950209393690421,81.51875380765884,3.968586387434555,0.0271629778535397,0.5602094240837696,0,1,0.8554879160703558
16.307692307692307,0.4463276836158192,0.5279858906588282,78.54250325945242,4.2740112994350286,0.0243407707787318,0.5282485875706214,1,0,0.37179752411357536
22.68,0.439922480620155,0.3412413420179188,47.0456809248555,4.87984496124031,0.0133672819817417,0.4883720930232558,0,1,0.7037503168337832
18.8,0.5758928571428571,0.4088945968431831,49.48083406754776,4.919642857142857,0.0266666666479532,0.4241071428571428,0,1,0.6074466122650993
19.178571428571427,0.3835920177383592,0.4549977194509014,77.40044247787613,3.984478935698448,0.0267782426666199,0.5121951219512195,0,1,0.8540523802491774
33.38095238095238,0.3621533442088091,0.4457272287737395,30.25059520284279,5.256117455138663,0.0164182874421777,0.4486133768352365,0,1,0.6678222875060578
19.625,0.3894736842105263,0.3875941213613542,55.87579108391608,4.849122807017544,0.0157802454612622,0.4596491228070175,1,0,0.32280792662269936
16.59090909090909,0.589171974522293,0.3192809330771223,55.15420240137226,4.869426751592357,0.0176531671767117,0.4363057324840764,0,1,0.5914289071565086
17.4,0.5328282828282829,0.295292685986975,54.97322317380355,4.83080808080808,0.0147617039161696,0.5075757575757576,0,1,0.5288706319432349
18.210526315789476,0.5308219178082192,0.4484520820599449,66.74810606060608,4.517123287671233,0.0242214532732286,0.4931506849315068,1,0,0.3749258161829918
20.130434782608692,0.4260651629072681,0.4749655749335791,56.92018960444594,4.849624060150376,0.0232751454599853,0.4561403508771929,1,0,0.38235514482354666
22.5,0.3940217391304347,0.2915358189562513,61.30554878048781,4.589673913043479,0.0156472261661227,0.5054347826086957,1,0,0.399401857317948
20.714285714285715,0.515625,0.3577575647797847,59.37545645016464,4.57421875,0.0188298587633961,0.47265625,1,0,0.28275484094454295
15.72,0.4235294117647059,0.3685265310653692,52.12257021931512,5.029411764705882,0.0193761814653231,0.4764705882352941,0,1,0.7243658131888417
12.705882352941176,0.5146198830409356,0.6421013734489035,76.11816269284716,4.2631578947368425,0.0311688311526395,0.4970760233918128,0,1,0.6213935031785849
22.20833333333333,0.4523809523809524,0.4711808484257041,54.96227646638056,4.6017316017316015,0.020603384834215,0.4935064935064935,1,0,0.20939074662603238
25.404761904761905,0.2880829015544041,0.3516575334402221,42.31108221764504,5.021761658031088,0.0132439228812667,0.4963730569948186,0,1,0.6205949291204366
21.105263157894736,0.445983379501385,0.2859034407769744,58.99600949094048,4.404432132963989,0.0164506480476317,0.5041551246537396,0,1,0.5709257417971849
20.7,0.5516304347826086,0.3503997474355405,59.58086716621256,4.565217391304348,0.01847465655212,0.4619565217391304,1,0,0.25136272521066744
24.13793103448276,0.3717948717948718,0.3078629305122151,59.61664000000002,4.540064102564102,0.0179372197259144,0.5432692307692307,0,1,0.5355417750126635
21.86842105263158,0.3594594594594594,0.4122431575386728,49.42272403982932,5.187837837837838,0.0194694052162025,0.4148648648648648,0,1,0.7487406513570659
23.352941176470587,0.3663911845730027,0.2907765497796117,61.68832255979318,4.471074380165289,0.0142017629705182,0.5068870523415978,1,0,0.26238664873471296
25.5,0.4128113879003559,0.3542097613993356,55.41441429418745,4.622775800711744,0.0136561142062966,0.5444839857651246,1,0,0.20841239778905668
25.8,0.5647058823529412,0.4008583867527104,56.22602725547699,4.647058823529412,0.0181086519023598,0.4441176470588235,1,0,0.1536200601723099
28.03846153846154,0.4142640364188164,0.3302253563444433,38.2558878242842,4.974203338391503,0.013597033371175,0.4628224582701062,0,1,0.7551966658689014
16.0,0.6163522012578616,0.2064306930592742,55.35797289666857,4.855345911949685,0.0154479917451616,0.4779874213836478,0,1,0.6921693963096764
18.928571428571427,0.4876033057851239,0.1991437600748015,70.4989814814815,4.1570247933884295,0.0171206225547699,0.5537190082644629,0,1,0.5662535800127865
19.956521739130437,0.4373464373464373,0.491960006623283,47.83560675182483,4.825552825552825,0.0167620605000972,0.515970515970516,0,1,0.5491417092695313
12.178571428571429,0.4775086505190311,0.4813226736882812,80.71988215488219,3.9757785467128026,0.0284974093079679,0.5397923875432526,0,1,0.7176173764352082
20.0,0.422680412371134,0.4606381212853008,50.28190399484541,4.821305841924398,0.0167824073976953,0.4810996563573883,0,1,0.7003241099155322
26.9,0.3726708074534161,0.4280584643762523,42.03381542699725,4.898550724637682,0.0151260504150836,0.5196687370600414,0,1,0.5554330840435255
21.84210526315789,0.494535519125683,0.2419257797289138,58.76486194995687,4.472677595628415,0.0174081237826846,0.5,0,1,0.8693878310670817
21.625,0.577922077922078,0.2783583484651516,62.04430194805197,4.48051948051948,0.019653179168031,0.487012987012987,0,1,0.649174638991434
17.789473684210527,0.4013157894736842,0.3968910152690613,62.116005176876655,4.476973684210527,0.0169590643175677,0.5,1,0,0.16920139342173984
22.83333333333333,0.5518672199170125,0.3525630407850733,60.51509103641459,4.448132780082988,0.0199999999851851,0.4688796680497925,1,0,0.23773734355079373
29.39130434782609,0.3862520458265139,0.2858514806363387,45.97899665551839,4.93126022913257,0.0161812297690989,0.481178396072013,0,1,0.5214912430865895
18.76923076923077,0.5841121495327103,0.3721618190158535,52.94803378864128,4.710280373831775,0.0158730158604182,0.4485981308411215,0,1,0.539262299192934
18.2,0.4647435897435897,0.3949169634895385,75.51229359340844,4.060897435897436,0.0220763723018637,0.532051282051282,1,0,0.37876029931369265
16.095238095238095,0.4853420195439739,0.3213567811456322,77.63510314875137,4.201954397394137,0.0164835164734532,0.50814332247557,1,0,0.05698285243116381
19.83333333333333,0.4984227129337539,0.3788974705630013,62.99379162285315,4.44794952681388,0.0191118605850973,0.4984227129337539,1,0,0.3093101712262323
16.210526315789473,0.5441176470588235,0.4257829131362995,50.14836913357402,4.9963235294117645,0.0170087976439831,0.4485294117647059,0,1,0.5611317725707364
18.625,0.3934837092731829,0.3083598494212199,71.39344344499587,4.466165413533835,0.0171579410395257,0.4636591478696741,1,0,0.26527011446819765
28.73076923076923,0.3067292644757433,0.2488555893671969,43.66980946472884,4.769953051643192,0.0198351365224535,0.4663536776212832,0,1,0.7962853547883592
20.47058823529412,0.4865771812080537,0.3937096028004838,69.63723529411767,4.412751677852349,0.0199296600117645,0.4966442953020134,1,0,0.24911208146770528
26.09375,0.4653333333333333,0.3127170502111644,44.42943452380953,5.137333333333333,0.0148940633490887,0.4146666666666667,0,1,0.851791670937647
16.314285714285713,0.4816326530612245,0.3674170320682197,55.162441295546586,5.014285714285714,0.0200387847381904,0.4387755102040816,0,1,0.670047792559276
27.166666666666668,0.4325259515570934,0.4279113460271114,40.74480966132842,4.920415224913495,0.0144284128665769,0.4636678200692041,1,0,0.4885673740684417
14.63157894736842,0.3752711496746204,0.3813119051484105,85.38978764478765,3.982646420824295,0.0338703015143038,0.5661605206073753,0,1,0.9644709084875158
22.4,0.4086378737541528,0.2887671590513987,52.40022369878184,4.8172757475083055,0.0128348214214091,0.4883720930232558,1,0,0.38901366807985804
22.05,0.4346666666666666,0.4267559044087258,69.32401871657754,4.394666666666667,0.0241134751659037,0.512,1,0,0.4088887941391844
16.458333333333332,0.4504504504504504,0.3551439255774466,79.67219987021416,4.2042042042042045,0.0215866162862457,0.5705705705705706,1,0,0.2613927780715536
15.5,0.5852272727272727,0.3914881228652347,76.78863636363639,4.244318181818182,0.036885245863847,0.5397727272727273,0,1,0.5363489661459752
23.789473684210527,0.3269230769230769,0.368626813288011,56.33971601666039,4.259615384615385,0.0156249999930245,0.5192307692307693,1,0,0.3148655407218388
23.57894736842105,0.4253731343283582,0.3153726251779453,62.8791398271799,4.58955223880597,0.0186794092012687,0.527363184079602,0,1,0.5420156044955143
15.31578947368421,0.5622641509433962,0.4816883662934808,49.92762677484788,4.807547169811321,0.0157927984739148,0.4867924528301887,0,1,0.5542566533664721
21.525,0.3561290322580645,0.274058036399254,58.779625321336766,4.507096774193548,0.0157354617980078,0.48,0,1,0.5708413681199701
23.52380952380953,0.514018691588785,0.2769360866025175,55.92166666666668,4.712616822429907,0.018503937000589,0.4509345794392523,0,1,0.6497960194890233
22.571428571428573,0.3048498845265588,0.2869818619376297,60.127918586789576,4.780600461893765,0.0151810042759124,0.4896073903002309,1,0,0.47134695280116384
20.32,0.5044052863436124,0.2810620931691585,63.92622620087339,4.438325991189427,0.0174825174757255,0.4889867841409692,0,1,0.5185302051299142
14.857142857142858,0.4747191011235955,0.317598912563799,85.47274433427766,3.949438202247191,0.022764227629938,0.4606741573033708,1,0,0.4176105230820818
19.75,0.4193548387096774,0.2337491693369963,61.7810987903226,4.802867383512544,0.0204695966162133,0.3620071684587813,0,1,0.7474714638558635
13.51851851851852,0.4204204204204204,0.3062371358086189,43.916666666666686,5.393393393393393,0.0138312586381598,0.4264264264264264,0,1,0.8085618617595614
23.5,0.2897196261682243,0.3576746841701471,62.31933333333333,4.315420560747664,0.0161085205527306,0.6004672897196262,1,0,0.31326505678738786
18.0,0.6436781609195402,0.2450405817544768,55.8107012987013,4.804597701149425,0.0171591992210112,0.4770114942528735,0,1,0.798235813030624
19.0,0.3370165745856354,0.4340110956433802,72.49344202898553,4.066298342541437,0.0199203187151791,0.569060773480663,1,0,0.2128522472315171
23.8125,0.3666666666666666,0.4518629980305525,43.59164114982036,4.93768115942029,0.015270818416781,0.5,0,1,0.5209765433282237
18.23809523809524,0.4285714285714285,0.3971587275412054,59.37344961240311,4.7317784256559765,0.0187747035480362,0.5364431486880467,0,1,0.5200004515342486
16.321428571428573,0.3871794871794872,0.3527457959741268,80.61632653061224,4.2384615384615385,0.0199258572660213,0.5205128205128206,1,0,0.22041539641980157
20.09090909090909,0.4311688311688311,0.4578863352427079,76.78522727272728,4.21038961038961,0.020534861499267,0.5194805194805194,1,0,0.1344761197992434
22.47058823529412,0.4408284023668639,0.2806790483191043,67.7638792203272,4.1982248520710055,0.0186097427374878,0.5088757396449705,0,1,0.5040116091000879
23.46153846153846,0.4834951456310679,0.3389757893178928,46.82637429643529,4.889320388349515,0.0209899749307675,0.4660194174757281,0,1,0.7732918637190369
22.0,0.4629629629629629,0.4810456710551223,57.87673003072197,4.638888888888889,0.0199044585828786,0.5046296296296297,1,0,0.10345265876854369
20.5,0.6403508771929824,0.1925645317826571,60.65000000000002,4.412280701754386,0.0127591706335579,0.5701754385964912,1,0,0.41739169991821173
21.428571428571427,0.4123989218328841,0.5129435510405368,69.42993059299194,4.115902964959568,0.0243176178539366,0.5822102425876011,1,0,0.36539324656774824
30.0,0.5935483870967742,0.2403700770185967,53.54500000000003,4.548387096774194,0.0189732142645388,0.5032258064516129,0,1,0.7103399710312361
17.692307692307693,0.5362318840579711,0.2952682762909173,62.45947567783095,4.739130434782608,0.0152855993440984,0.4879227053140096,1,0,0.16679271681470484
17.73913043478261,0.4561403508771929,0.5374301686709755,69.09447368421053,4.321637426900585,0.0254677754545385,0.5380116959064327,1,0,0.3199630879173614
15.575757575757576,0.4464285714285714,0.4419983131086649,81.06489320517956,4.037946428571429,0.0242141036430696,0.5111607142857143,0,1,0.5054340495623737
30.25,0.3752808988764045,0.2916079038208519,53.13115519662924,4.696629213483146,0.0147286821648338,0.501123595505618,1,0,0.440502611469307
31.2,0.4616541353383459,0.325095434018889,39.45472850678735,4.968421052631579,0.0201260911687376,0.4285714285714285,0,1,0.5859122143308348
8.398496240601503,0.4038004750593824,0.7450802771620146,87.98332203943075,3.844418052256532,0.0388764044856457,0.5166270783847982,0,1,0.527106715363934
19.28,0.3551637279596977,0.4116885016281884,65.53785563909776,4.639798488664988,0.0186677980404464,0.5239294710327456,1,0,0.1252364523851455
23.31578947368421,0.3944723618090452,0.3572301473368261,60.095452159076,4.492462311557789,0.0158450704155611,0.5125628140703518,1,0,0.1574659238815753
27.6,0.5983606557377049,0.1959203673158674,56.40579554655871,4.426229508196721,0.0135617416034534,0.5040983606557377,0,1,0.664679826884346
26.952380952380956,0.5163934426229508,0.4527451783609002,45.39022727272729,5.090163934426229,0.0212082262142647,0.4200819672131147,0,1,0.5843017200366415
25.928571428571427,0.4495412844036697,0.3706334757610706,55.753636363636375,4.458715596330276,0.0176470588140924,0.5290519877675841,1,0,0.26361218811153625
14.909090909090908,0.5035460992907801,0.4853213896084167,76.86903415783276,4.067375886524823,0.0239361701968509,0.524822695035461,1,0,0.26775623495682804
25.176470588235293,0.4406332453825857,0.3810345667700511,45.91281677161726,4.746701846965699,0.0184859154848213,0.4643799472295514,1,0,0.4771771705296708
17.869565217391305,0.4411764705882353,0.4556184141144078,70.19437984496125,4.423529411764706,0.0232323232205897,0.4794117647058823,1,0,0.37852941560351083
18.625,0.4816753926701571,0.511434029265886,72.37874459367177,4.154450261780105,0.0217391304242806,0.5968586387434555,1,0,0.11363343889282307
24.714285714285715,0.411214953271028,0.3436512059592536,44.17718750000003,4.968847352024922,0.0128766417685097,0.4735202492211838,0,1,0.5473817491015867
22.07692307692308,0.4469696969696969,0.2679530739913991,60.6045104895105,4.617424242424242,0.0152317880693829,0.4734848484848485,1,0,0.39309908171204005
17.11111111111111,0.447653429602888,0.2531634746802895,78.21166766947455,4.108303249097473,0.0178448867413556,0.5342960288808665,1,0,0.24183149399729256
23.75,0.4452830188679245,0.3746835996040102,48.84861528822057,4.909433962264151,0.0118749999925781,0.539622641509434,1,0,0.319920166568576
18.0,0.5497630331753555,0.2326608005584375,57.747545086492494,4.791469194312796,0.0176706827167303,0.5023696682464455,0,1,0.7964426568940719
30.346153846153847,0.3702664796633941,0.5036663367964558,45.159342701478096,4.767180925666199,0.0176526717515141,0.4838709677419355,1,0,0.03860442114512393
21.318181818181817,0.5352798053527981,0.2590157514758255,34.44844941273439,5.372262773722627,0.0155268022123745,0.4038929440389294,0,1,0.9786895376231407
26.0,0.4444444444444444,0.3282938169620983,57.54388461538463,4.712962962962963,0.0194022024019915,0.4814814814814814,1,0,0.4428917974784834
28.75,0.4743589743589743,0.8030345443375837,48.39307692307696,4.631410256410256,0.0150166851974323,0.5192307692307693,1,0,0.07840159024951558
22.875,0.4096385542168674,0.4680033376923195,54.11031250000002,4.542168674698795,0.016976127311949,0.5783132530120482,0,1,0.5213260945792888
23.11111111111111,0.4316939890710382,0.4345845189030856,52.637633695498806,4.759562841530054,0.017335766415449,0.5,1,0,0.4724453723323203
13.090909090909092,0.488,0.3560001288604428,84.75863636363638,3.956,0.0269230769023668,0.492,0,1,0.5972092633695781
